Taxonomy	CN/SD 	CN/SD 	CN/SD 	CN/SD 	CN/SD 	CN/SD 	CN/SD 	CN/SD 	CN/SD 	CN/SD 	CN/SD 	CN/SD 	CN/SD 	CN/SD 	CN/SD 	CN/SD 	CN/SD 	CN/SD 	CN/SD 	CN/SD 	CN/SD 	CN/SD 	CN/SD 	CN/SD 	CN/SD 	CN/SD 	CN/SD 	CN/SD 	CN/SD 	CN/SD 	CN/SD 	OB-BPD/DS 	OB-BPD/DS 	OB-BPD/DS 	OB-BPD/DS 	OB-BPD/DS 	OB-BPD/DS 	OB-BPD/DS 	OB-BPD/DS 	OB-BPD/DS 	OB-BPD/DS 	OB-BPD/DS 	OB-BPD/DS 	OB-BPD/DS 	OB-BPD/DS 	OB-BPD/DS 	OB-BPD/DS 	OB-BPD/DS 	OB-BPD/DS 	OB-BPD/DS 	OB-BPD/DS 	OB-BPD/DS 	OB-BPD/DS 	OB-BPD/DS 	OB-BPD/DS 	VFGM	VFGM	VFGM	VFGM	VFGM	VFGM	VFGM	VFGM	VFGM	VFGM	VFGM	VFGM	VFGM	VFGM	VFGM	VFGM	VFGM	VFGM	VFGM	VFGM	VFGM	VFGM	VFGM	VFGM	VFGM	VFGM	VFGM	VFGM	VFGM	VFGM	VFGM	VFGM	VFGM-BPD/DS 	VFGM-BPD/DS 	VFGM-BPD/DS 	VFGM-BPD/DS 	VFGM-BPD/DS 	VFGM-BPD/DS 	VFGM-BPD/DS 	VFGM-BPD/DS 	VFGM-BPD/DS 	VFGM-BPD/DS 	VFGM-BPD/DS 	VFGM-BPD/DS 	VFGM-BPD/DS 	VFGM-BPD/DS 	VFGM-BPD/DS 	VFGM-BPD/DS 	VFGM-BPD/DS 	VFGM-BPD/DS 	VFGM-BPD/DS 	VFGM-BPD/DS 	VFGM-BPD/DS 	VFGM-BPD/DS 	VFGM-BPD/DS 	VFGM-BPD/DS 	VFGM-BPD/DS 	VFGM-BPD/DS 	VFGM-BPD/DS 	VFGM-BPD/DS 	VFGM-BPD/DS 	VFGM-BPD/DS 	VFGM-BPD/DS 	VFGM-BPD/DS 	VFGM-BPD/DS 	VFGM-BPD/DS 	VFGM-BPD/DS 	VFGM-BPD/DS 	VFGM-BPD/DS 	VFGM-BPD/DS 	VFGM-BPD/DS 	VFGM-BPD/DS 	VFGM-BPD/DS 	VFGM-BPD/DS 	VFGM-BPD/DS 	VFGM-BPD/DS 	VFGM-BPD/DS 	VFGM-BPD/DS 
	29A	29C	29D1	30A	30B	30C	30D	30F	31A	31B	31C	31D	31F	32A	32B	32C	32D1	32F	33A	33B	33C	33D	33F	34A	34B	34C	34D	35A	35B	35C	35D	10A	10B	10C	10D	10F	3A	3B	3C	3D	3F	4A	4B	4C	4D	4F	6A	6B	6C	6D	6F	7A	7B	7C	7D	22A	22B	22C	22D	22F	23A	23B	23C	23D	23F	24A1	24B	24D	24F	25A	25B	25C	25F	26A	26B	26C	26D	26F	27A	27B	27C	27D	28A	28B	28C	28D	28F	11A	11B	11C	11D	11F	12A	12B	12C	12D	12F	13A	13C	13D	13F	14A	14B	14C	14D	14F	15A	15B	15C	15D	16A	16B	16C	16D	16F	18A	18B	18C	18D	18F	19A	19B	19C	19D	20A	20B	20C	20D	20F	21A	21B	21C	21F
k__?|p__?|c__?|o__?|f__?|g__?|s__	0.012093018360548765	0.0028941902773946043	0.14898418936584804	0.0022518441827358614	0.0031208341514327937	0.0427000183559972	0.030321243851130126	2.150237063636266e-05	0.032392964507995115	0.07264748384903094	0.02339882059853048	0.07417620295050324	1.0543351626048405e-05	0.002360912603885448	0.00047448471481382993	0.0011030723810141778	0.06140300002636227	1.654871113121473e-05	0.12043653582123437	0.007017199118842498	0.003392341467080332	0.2682565110196113	0.0	0.006568135905460712	0.01066623166823652	0.009890275063880957	0.23735724444390188	0.008889190892131306	0.052509189108093914	0.00442120250285023	0.15237431586893718	0.011087582125210403	0.007515727355391838	0.0019104060943728781	0.039665421341404106	0.0	0.028725181706539326	0.0057631754048630725	0.0	0.03832670802026909	0.0009313861154280119	0.0002675628237510167	0.0014012049350741324	0.0007336914318764828	0.0024660259938190593	0.0001312321606281646	6.0762877932441805e-05	0.0007396293400393061	0.00018765246762994934	0.00010444851185739296	6.926499187468364e-05	0.004872841046022451	0.013882699576913196	0.023028897887891375	0.268982335097841	0.26083022089424823	0.008195452246524158	0.004799031052777915	0.10684659602404718	0.0	0.10492463199845728	0.0016081508423904246	0.002779568946987905	0.12192629279605577	5.405376187155745e-06	0.009444357842794713	0.002097948567034678	0.12229587333609525	1.3420386909754608e-05	0.34739995193237705	0.031489431629110776	0.009164643485026814	0.0003984635246489536	0.08954300362414921	0.005213272571624829	0.0004609761719221609	0.05932688042159499	5.509338328466751e-06	0.006873162105431902	0.0019080013818394408	0.0005237173017648183	0.3517112109362376	0.013663204839675428	0.008280447896954425	0.009655195256864629	0.03281672072673418	0.0	0.025375450381030323	0.0006107776071478431	0.0033987811267683315	0.02852765212315774	0.0	0.000585150676299147	0.0002723659709291015	0.0029714719703802157	0.0008090402366180017	1.8598538154901024e-05	7.819831091648421e-05	0.00033331349324444974	0.14565614868019708	0.0	0.0	1.0611937368345652e-05	5.527518752107367e-06	0.0	1.121239642548802e-05	2.0853535195554028e-05	5.060882415457959e-06	0.0	0.0	0.00997687054849842	0.0017337626459885305	0.0005844088458744559	0.3011086527252397	6.506912115278821e-05	3.969671708149736e-05	1.4317314644465285e-05	0.00019306805246624325	0.0	0.0	0.0460909544811517	0.00012759306319046454	0.07625717807355316	0.08359223837691415	0.00343967922760863	0.008965432743273261	0.0005508630187293427	0.00626171843156436	0.0	0.02356020942408377	0.00034236552489604787	0.00046684562415592645	0.0
k__Archaea|p__Euryarchaeota|c__Methanobacteria|o__Methanobacteriales|f__Methanobacteriaceae|g__Methanobrevibacter|s__Methanobrevibacter smithii	0.0	0.0	0.0	0.0	1.550083187797745e-05	0.0	0.00010017451454903015	0.0	0.0	0.00019657429445766746	0.0	0.0	0.008724623470555054	4.2348208141443014e-05	2.085647098082769e-05	0.002389990158864052	0.0	0.0016162574538153053	0.0	0.0	0.00014492598039741924	0.0	2.7239643487546035e-05	0.0	0.0	0.0	6.103925434446893e-06	0.0	0.0	2.1410181611865524e-05	0.0	0.0	0.0	5.914569951618818e-06	0.0	6.816463618674632e-05	0.0	0.0	0.0	0.0	5.322206373874354e-06	0.0	0.0	0.0	4.2335210194318616e-05	8.748810708544308e-05	2.025429264414727e-05	4.7547600431098244e-05	0.0012921212771090796	1.4921215979627566e-05	0.0028931454298425554	0.0	0.0003774752150822319	0.0	0.00017248557663712604	0.0	0.0	1.904377401895998e-05	0.0	0.0007125504255665337	0.0	0.0027737903791566383	0.0005129257283545343	0.002139451828641701	0.0014270193134091167	0.0124652622865344	0.00021833853865066782	0.0	0.00028182812510484676	0.0	0.0	0.0004235138848534691	0.00012750832788766515	0.0	0.0	0.00018658559339706512	0.0	0.0010577929590656163	0.0	5.314767080332705e-06	5.4553885600501896e-06	0.0	0.00013936778642660995	0.0	1.6561226855685468e-05	0.0	0.0	0.0	0.0010644981153148123	0.000875548079309489	0.00015808161875577605	0.0004197885792064724	0.0	8.337733803952085e-05	4.746760336070632e-05	0.0	6.199512718300341e-06	4.398654989052237e-05	7.142431998095352e-05	0.0	0.001105039836380842	0.0	0.0	0.02957222532377441	0.0	0.0015248859138663707	0.0	0.00012146117797099102	1.0416558160852491e-05	0.0	0.0	0.004366795587478804	0.0007864941477188939	0.0	0.0012067364286517087	0.0	0.0	0.0	0.0	0.0	0.0	0.0	0.0	0.0	0.0022105143163017997	0.0003196232707049291	0.0028934219165581633	0.00023436863128719327	0.0024377002008795267	0.0003193831342892014	0.0004693720905832915	0.0003056727301020947	0.01603944230122777
k__Archaea|p__Euryarchaeota|c__Methanobacteria|o__Methanobacteriales|f__Methanobacteriaceae|g__Methanobrevibacter|s__uncultured archaeon	0.0020365527004057317	0.0011191563123018702	0.0025323324590756984	0.0020059531512876924	0.00027901497380359414	0.00045641938988634165	0.0019560392051415887	0.03347919108081666	0.0	0.0078045307718463105	0.0008987417615338526	0.0	0.0027992598567158516	0.008347890529881954	9.906823715893153e-05	0.0054612897295309775	0.015385020958004904	0.006746357904491872	0.0025567291164419843	8.273779358988945e-05	0.02004809395497633	0.002671989787617486	0.006221534572555514	0.0006541968033327402	0.00018417272244118313	6.513352372363345e-05	0.0024110505466065227	0.00021002952768065628	5.000875153151801e-05	0.0010062785357576795	0.0009073356270777985	0.0	0.0	0.0005382258655973124	0.0	0.0027017983070383085	0.0	0.0	0.0023407629475147725	0.0	0.0038639218274327805	0.0	0.0	2.1421647646028695e-05	0.0	0.008666790608151705	0.0	0.0	0.0	0.0	5.328076298052588e-06	7.927615584635224e-05	0.0	0.0	0.0	0.0017586170099242343	0.0001806302447281773	0.0005560782013536315	0.00047866010302170656	0.00016831899816532292	0.0	0.0001672908594432992	0.0002540203607089122	0.0029424481842736253	0.007940497618931789	0.0042249660013868205	0.007034298136528038	0.0	0.0316050111724721	9.96523890194791e-05	0.0	0.0042893092291554835	0.0035383560988827083	0.0	2.0504513556046524e-05	0.0073591553160430685	1.0689528003890988e-05	0.04098396782546416	0.0007113622587254592	0.0	0.0005837265759253702	0.0	0.0	2.613777745250766e-05	8.832654323032251e-05	0.0	0.00023312803608605136	5.314230446289073e-05	8.72539438782633e-05	0.0040744009045032125	6.48539974382671e-05	0.02689191080128735	0.0	0.014062977682665852	0.004860682584136327	5.253508029987024e-06	0.002126432862377017	0.0025561072880825775	0.0001904648532825427	0.0012654747930512342	0.0007326230959430996	0.0	0.0	0.02445374295932299	0.0	0.002847948692073957	0.0	0.000126522060386449	5.208279080426246e-06	0.0	0.0	0.004732600453445615	0.0025397206853422613	0.0	0.006240720256017415	0.0	0.0	4.022251093046734e-06	3.1756449205559494e-05	5.21256854527637e-06	0.0	3.721464343055216e-05	0.0	0.0	0.0	0.00018111985339945984	0.00023926373540769427	0.0	0.00029860470166675714	5.703270255164311e-06	0.000657120926816608	0.016389616019474133	0.0
k__Bacteria|p__Actinobacteriota|c__Actinobacteria|o__Bifidobacteriales|f__Bifidobacteriaceae|g__Bifidobacterium|s__Bifidobacterium animalis	0.00043151762644255817	4.6848403770775965e-05	4.110929316681329e-06	0.0	2.5834719796629087e-05	0.0001389102490958431	0.0	1.6126777977271995e-05	0.0	0.0008022356341380483	0.0001576739932515531	0.0011029918654349923	0.00014233524695165346	0.004308930178391826	0.0001199247081397592	0.0002325103548216159	0.00017926343816729496	0.00028132808923065044	0.0	5.17111209936809e-06	1.610288671082436e-05	0.0	0.0	0.000465788123972911	0.0	0.0	0.0	0.0005188964801522097	0.0004100717625584477	0.0	0.0	0.00018461204322093718	0.0	8.871854927428227e-05	0.0010469886204351583	9.295177661829043e-05	0.03079655719473565	0.028595828508856953	0.0011622349669794926	0.009719552682159707	0.019894407425542333	6.421507770024402e-05	0.00012646253926661843	0.00012852988587617217	0.00036514118792599804	0.0005139926291269781	5.063573161036818e-06	1.0566133429132943e-05	0.0	1.4921215979627566e-05	5.328076298052588e-06	0.00010570154112846965	0.13281884859573978	0.013718569193260798	0.10322964372806756	0.0	0.00013418246751236026	0.00017520272097443183	0.0010056253540547781	5.610633272177431e-06	0.0	0.00024284157015962786	0.0005178107352912441	0.0	1.6216128561467236e-05	0.0005805296795798685	1.8985959882666768e-05	0.0	2.6840773819509216e-05	0.0005041238503338356	0.0	4.924580056435687e-05	0.00022845242079873342	0.0	9.739643939122099e-05	5.487811570501915e-05	8.55162240311279e-05	0.00013222411988320204	6.0115120455672614e-05	0.0	3.273233136030114e-05	0.0	0.0	2.0910221962006126e-05	5.520408951895157e-06	0.0022945109041415924	3.7951075641915335e-05	0.0003347965181162116	0.002774675415328773	0.004839643713978436	0.018300987402111	0.0014056556970398545	1.6879346431706163e-05	0.00020566410049748478	0.004224616699102862	0.0001576052408996107	0.001308097183561372	0.00018083359399436973	0.0005713945598476281	0.004311341708740067	4.273634726334748e-05	0.0013916367660373563	0.000334276027102888	0.005367220708296253	0.001818630980851813	0.010393891486427394	2.6066918994442534e-05	0.0051317347692743705	4.687451172383621e-05	0.00028792322047454014	0.0008535869006534988	0.00011812448796844933	0.00015839118252672168	0.00044013037375395525	0.0005442144678233196	0.0006417635928175407	0.003114015935171199	0.0007964057164232534	0.004572928685600567	0.003560184316423761	0.0	0.0083679783942413	0.0029142262012822593	0.0006081043728232628	0.0	0.004693135024850709	1.1128545832916013e-05	5.094970245373767e-06	4.343341115152831e-05	0.0005703270255164311	0.016604727957458324	0.000583557030194908	9.60445646780106e-05
k__Bacteria|p__Bacteroidota|c__Bacteroidia|o__Bacteroidales|f__Bacteroidaceae|g__Bacteroides|s__Bacteroides fragilis	0.00013156025196419457	0.0	0.0	0.0	0.0	4.96108032485154e-06	0.0	5.375592659090665e-06	7.219062450046666e-05	0.0	0.0	0.0	0.06941215543008968	0.0	0.0	1.0814435107982135e-05	0.0	0.0	0.0	1.5513336298104272e-05	2.68381445180406e-05	0.0012702902269001164	0.0	0.0	0.0	5.5112981612305224e-05	0.0	0.0007783447202283144	0.0	4.282036322373105e-05	0.00015243238534907015	0.0	0.0	0.0	0.0	0.0	0.0	1.0478500736114677e-05	1.086200903719152e-05	0.005132797483837148	2.1288825495497415e-05	0.004420137848366796	0.012125228264883376	0.010748311706394897	0.005736420981330172	0.009530735665620455	0.00025824223121287767	0.10471566534942203	0.12411334209044848	0.10823850071621836	0.1827849854809921	7.399107878992875e-05	5.2427113205865544e-06	0.0	0.0	0.0	0.0	0.00026280408146164776	6.147927928719167e-05	0.0	0.0	5.396479336880619e-05	0.03243156105281669	0.0	0.0	0.0	0.0	0.0	0.0	0.0	0.0	0.0	0.0	0.0	0.0	0.0	2.1379056007781976e-05	0.0	0.0	0.0	0.00034914486784321213	0.0	0.0	0.0	5.520408951895157e-06	0.0	0.0	0.0002975969049921881	5.81692959188422e-05	6.204671428177481e-05	0.0	0.0	0.11916255935903496	0.005869764597982268	0.01825604025252765	0.007759431360290834	0.002467406061883536	0.0	0.01055889530385096	0.0	0.0006776763637473672	0.0010395358975218805	0.020884292740904243	0.009628937666171032	0.08401970008357293	0.012395304248377006	0.17468485094935718	0.03521868072917194	0.10933740273538817	0.029992002132764595	0.0	0.0005601387010116791	0.001928003014894233	0.0	0.004744130469503286	0.03677239225649372	0.16515022442390706	0.005446127979985279	0.10423525177571479	0.08020579220616751	0.0	0.0	0.0003153097201387363	0.0	0.025257356403304867	0.008363475583445645	0.01172392303497702	0.009919907067742725	0.00815462294369944	0.013813320558007961	0.0	6.66922320222752e-05	0.1281554641353588
k__Bacteria|p__Bacteroidota|c__Bacteroidia|o__Bacteroidales|f__Porphyromonadaceae|g__Porphyromonas|s__Porphyromonas gulae	0.00016839712251416904	7.808067295129328e-05	0.004073930952831197	0.0	0.0	0.0	3.1634057226009524e-05	0.0	0.0	0.0	0.0	0.0	0.0	0.0	0.0	0.0	0.0	0.0	0.0	0.0	0.0	0.0	1.0895857395018414e-05	0.0	0.0005577802451075832	0.0	0.0	0.0005992018877948135	0.0	0.0	0.0	0.0	0.0	0.0	0.0	0.0	0.0004796314743660695	0.00013098125920143347	0.0	0.047472916302638474	0.0005535094628829327	0.10009525236525536	0.09604576932221137	0.09020655823742683	0.07371618475085728	0.0008311370173117092	0.0	0.0	0.0	4.973738659875856e-06	0.0	7.927615584635224e-05	9.961151509114453e-05	3.638877770095702e-05	0.0	0.0	0.00011353901097199715	0.0	0.0	0.0	0.0	0.0	0.0	0.0	0.0	0.0	0.0	0.0	0.0	0.0	0.0	0.0	0.0	0.0	0.0	0.0	0.0	0.0	0.0	0.0	0.0	0.0	0.0	0.0	0.0	0.0	0.0	0.000653650344893556	0.0002850295500023268	0.0	0.0	0.0	0.0	0.0	0.0	0.0	0.0	0.0	5.95202666507946e-06	0.0	0.00015262981165481242	0.0	0.0	0.0	0.0	0.0	0.0	0.0	0.0	0.0	0.0	0.0	0.0	0.0	0.0	0.0	0.0	0.0	0.0	0.0	0.0	0.0	0.0004872968402144106	0.0	2.9737860757423315e-05	0.0002823338891226874	0.0	2.5474851226868835e-05	0.0	0.00013687848612394348	0.00012700656568724356	0.00120601786240281	0.0
k__Bacteria|p__Bacteroidota|c__Bacteroidia|o__Bacteroidales|f__Prevotellaceae|g__Prevotella|s__human gut	0.00012103543180705899	0.000989021857383048	0.0	0.0	5.1669439593258175e-06	0.0002133264539686162	4.2178742968012696e-05	0.0022093685828862633	0.0	4.781536892213533e-05	0.0008146489651330243	0.0	2.108670325209681e-05	1.0587052035360753e-05	0.0	0.0006921238469108567	0.0	0.004026853041928918	0.0	1.034222419873618e-05	0.032565404558190465	0.0011201081311089697	0.0424230207675042	0.0	4.2096622272270426e-05	0.0	0.0004211708549768356	0.00032739896961984656	0.0	0.003008130516467106	7.258685016622389e-05	0.0	0.0003525896784010986	0.0008280397932266345	0.0	0.00011154213194194852	0.0	0.0	0.0	0.0	0.0	5.351256475020334e-06	1.5175504711994213e-05	5.890953102657891e-05	5.8210914017188094e-05	0.0010225172515611158	0.0	0.0	0.0	0.0	0.0	0.0010200198718897321	0.0	0.0	0.0	0.0	0.0	0.0	0.0	0.0217019294967823	0.0	0.0	0.0	0.0	0.0001567559094275166	0.0	0.00018985959882666768	0.0	0.0002616975447402149	0.0	0.0	0.0014330527964227851	0.0	0.0	0.0	0.0006750008231717356	0.0007322326682665327	2.2037353313867003e-05	0.0	0.0	0.014244019530291046	0.0	6.710300827947887e-05	1.5682666471504595e-05	0.005161582370021971	0.0	0.01839542852185982	0.00018599806562011754	9.888780306203174e-05	0.00010341119046962468	0.0	6.360433018279885e-05	0.0	0.001006086545676885	0.0006360658850334647	0.0	0.001326695721716273	0.0	0.0038509612523064105	0.0	0.002655758722793736	0.0	0.0	0.005483298602090508	0.0	0.01551795665287542	0.0	0.0	0.0	1.0663822980538523e-05	0.0	6.858841236877703e-05	0.0007591853231453212	0.0	0.002685580091215077	0.0	0.0	0.0	0.0	0.0	0.0	0.0	0.0	0.0	0.0	0.0	0.0	0.0	0.0	0.0	0.0	0.0013004985244343666	0.0
k__Bacteria|p__Campylobacterota|c__Campylobacteria|o__Campylobacterales|f__Helicobacteraceae|g__Helicobacter|s__Helicobacter apodemus	0.15721976350729108	0.10414920696063172	0.13211293545018787	0.6862106897890514	0.11057776767353181	0.13602290034677952	0.0011546430887493476	0.0010643673464999517	0.8634204949182956	0.021506290377422646	0.7209695899425016	0.0	8.961848882141144e-05	0.0	0.22066146297715694	0.013144945873752284	2.108981625497588e-05	0.0008108868454295218	0.0	0.046452099988623555	0.007675709332159612	0.0016520030537026144	0.0005284490836583931	0.0875367658603473	0.37097122169659913	0.610456435693171	0.03332743287208004	0.4364722452156509	5.000875153151802e-06	0.014162835136249044	0.0003847103058809866	0.09091600152033448	0.016503671262704054	0.04693802713604694	4.00487450439678e-05	8.67549915104044e-05	2.6353377712421402e-05	0.2616586418815196	0.0004127563434132777	0.0	0.0018574500244821492	0.006362643948799178	0.006211839928776298	0.07203029020977149	0.0	0.005194606358198182	0.0	1.0566133429132943e-05	0.0009275393399994638	0.0	0.0004315741801422596	0.20709574445595416	0.008194357794076785	0.295279335852823	0.0	0.0	0.2999184583466656	6.0940076860671943e-05	0.0	0.0007967099246491951	0.6387880053994986	0.058044531747487936	0.42176661390859177	0.000819842433022804	5.405376187155745e-05	0.08260722329429092	0.10260962018587255	0.47152223643208385	0.0011608634676937735	1.1723810472879895e-05	0.5334716430786928	0.41221689820400564	0.003533043251887389	0.006531325810031723	0.7978716314928823	0.1507282325954056	0.16931143405362936	3.856536829926726e-05	0.3531162175566209	0.07571948659350004	0.18504132456834238	0.5306919173965032	0.46380050791815497	0.31145252856859074	0.33685535424464247	0.06586289254388251	0.00011927480916030534	0.06204895469087122	0.005380659872492904	0.00033780988886744065	6.48539974382671e-05	0.00019081299054839654	0.00040510431436094796	0.004213334815597121	0.006882802487302416	0.0	0.00013018976708430716	0.00036166718798873946	0.01265996071662401	0.4699449736650332	0.0006044140541530572	1.676670802454646e-05	5.305968684172826e-06	4.4220150016858934e-05	0.0	0.0003195532981264086	0.0	0.0006427320667631608	0.014650889053239028	0.0	0.6375009178353771	0.23301007868615087	0.055753696249406036	0.0	0.0003844993522664758	0.00013232239027165786	0.0002362356916336772	0.0	0.0	0.0	5.200965299159524e-06	0.0019564269689204563	0.7009717272284276	0.0	0.0	2.6635272558744093e-05	0.08234011061774558	3.566479171761637e-05	8.686682230305662e-05	9.125232408262898e-05	0.14435676696504007	0.011798967381940854	4.80222823390053e-05
k__Bacteria|p__Campylobacterota|c__Campylobacteria|o__Campylobacterales|f__Helicobacteraceae|g__Helicobacter|s__Helicobacter brantae	0.0004788793171496682	0.001759417830502475	0.0014306034022051025	8.412061602174195e-05	0.0010798912874990959	0.5971751608630296	1.0544685742003174e-05	0.0011073720877726768	0.009446658863203923	3.187691261475689e-05	0.0006044169741309535	0.0	1.0543351626048405e-05	0.0	0.00033370353569324305	0.0415274308146514	5.27245406374397e-06	0.0005516237043738244	0.0	0.0	3.220577342164872e-05	0.001845988260766179	0.0	1.0467148853323844e-05	0.0001420761001689127	0.0051655894583896985	2.441570173778757e-05	0.06519563632769548	5.000875153151802e-06	0.03508058257104166	1.4517370033244777e-05	0.00013031438345007332	4.3300486821187544e-05	3.548741970971291e-05	0.0	6.196785107886029e-06	0.0	1.5717751104172015e-05	3.801703163017032e-05	0.0	0.00010644412747748706	2.1405025900081338e-05	5.058501570664737e-06	0.0005676736626197604	0.0	3.8276046849881346e-05	0.0	0.0	0.00019837546578023216	0.0	1.0656152596105176e-05	0.0003963807792317612	3.669897924410588e-05	0.000878529061637391	0.0	0.0	0.00041802999494235316	0.0	0.00015369819821797919	0.000847205624098792	0.004061676415761393	3.237887602128371e-05	4.396506243038865e-05	3.369215478175907e-05	0.0	0.00017738406876051537	0.0	0.000162112506079219	5.368154763901843e-05	0.0	0.06069367130209724	0.008775601660568394	0.0	8.839388314328648e-05	0.002445163241558548	0.0004280493024991494	0.0004489601761634215	0.0	0.0013125134632821854	2.125906832133082e-05	0.0005673604102452197	0.00010341595837507675	0.00011355893708834885	0.0003816115508066118	0.0012089695604650392	5.21479750941271e-06	1.0843164469118667e-05	0.4883671495530732	0.00036646656428870585	0.0	0.00013376136971642589	1.2720866036559769e-05	0.0	3.3350935215808344e-05	0.0018892106137561114	2.1014032119948095e-05	0.00021078343242221162	0.0	0.0	0.0017934832411864044	0.0012515644555694619	0.0	0.0	0.0005306418002023072	0.0	0.0006391065962528172	0.0	1.5182647246373878e-05	5.208279080426246e-06	0.0	0.0012574344665540788	0.019040905367043268	0.0030367412925812846	0.0	0.00014196899160608337	6.616119513582893e-06	7.158657322232642e-06	0.0	0.0	0.0	4.6808687692435715e-05	0.0	6.68838800294289e-05	0.0	0.0	0.0	0.0023147375332465306	5.094970245373767e-06	0.0003094630544546392	0.0	0.00028714527894507243	0.00015005752205011922	0.0
k__Bacteria|p__Campylobacterota|c__Campylobacteria|o__Campylobacterales|f__Helicobacteraceae|g__Helicobacter|s__Helicobacter mastomyrinus	0.0005736026985638883	0.0012492907672206925	0.0008262967926529471	0.0	0.0	0.0005357966750839663	6.854045732302063e-05	0.0	0.00237197766215819	0.0	0.0004467429808794004	0.0	0.0002899421697163311	0.0	0.00010949647264934537	0.01084147119575209	0.0	4.412989634990595e-05	0.0	4.136889679494472e-05	0.013521057208188855	1.8772761973893347e-05	0.0	0.0001727079560798434	8.945532232857466e-05	0.00012024650533593868	0.0	0.26989412040869276	0.0	0.024380844310511865	2.1776055049867167e-05	0.00014117391540424608	3.0928919157991106e-05	5.914569951618818e-06	0.0	0.0	0.0	5.2392503680573385e-06	0.0	0.0	0.0	4.816130827518301e-05	2.529250785332369e-05	0.003116849732497175	0.0	0.0002077842543279273	0.0	5.2830667145664715e-05	0.0257137495643782	8.95272958777654e-05	0.0009483975810533607	0.001707079889224785	3.669897924410588e-05	0.0012944008067911855	0.0	0.0	0.0003406170329159915	0.0	4.391377091942262e-05	0.007518248584717757	0.004728578774828051	5.396479336880619e-06	4.88500693670985e-05	0.000409921216511402	0.0	0.00020963571762606364	0.0	0.00018012500675468777	0.00026840773819509215	5.861905236439948e-06	0.0002259515642010558	0.015202178634216967	0.0	4.910771285738138e-05	0.0003383244736747677	0.0017835387604131225	0.00021379056007781976	0.0	0.000776486972552438	2.125906832133082e-05	0.005837265759253703	9.048896357819216e-05	0.0	7.318577686702145e-05	0.35275965243505236	5.21479750941271e-06	1.0843164469118667e-05	0.1260535461859768	0.00010470473265391596	0.0	0.0	0.0	1.1252897621137443e-05	0.0006392262583029933	0.1833198841790478	2.626754014993512e-05	0.0009361264204633515	1.9549577729121052e-05	2.380810666031784e-05	0.0011171087828314343	0.010043041606886656	0.0	0.0	5.527518752107366e-05	0.0	0.00010091156782939217	0.0	5.060882415457959e-06	5.208279080426246e-06	0.0	0.0016521036786841911	0.00027054318212128717	6.007941406185995e-05	0.0	0.0	0.0	1.4317314644465285e-05	4.022251093046734e-06	0.0	0.0	3.640675709411667e-05	0.0	2.866452001261239e-05	0.0	0.0006244950759058896	0.00022906334400519922	0.0008068195728864109	0.0004993070840466292	0.00011401270427276182	0.00024524062097206536	4.969822135587792e-05	6.113454602041894e-05	0.0001920891293560212
k__Bacteria|p__Campylobacterota|c__Campylobacteria|o__Campylobacterales|f__Helicobacteraceae|g__Helicobacter|s__Helicobacter muridarum	0.04982976103395833	9.890218573830482e-05	0.16640219688062682	9.059143263879901e-05	0.00022217859025101014	0.00015379349007039772	0.0036220995523780905	0.0	0.001990398646941438	0.0006534767086025161	0.014737262569245162	0.019607131713193088	5.271675813024202e-06	0.0	0.0028781929953542213	0.0002487320074835891	0.017409643318482586	0.0	0.0013675527832131544	0.0037490562720418653	4.294103122886496e-05	0.4403964807328886	1.0895857395018414e-05	0.0031872468258371104	0.019674908834502392	0.0010922390901347762	0.3314309432395974	0.004490925488936386	0.0695571725051884	0.0187232038195764	0.595306534268252	0.015485692566650378	0.021192495407055506	4.1401989661331725e-05	0.01478942941980811	0.0	0.0	0.00018337376288200685	0.0	5.460422855145902e-06	0.0	0.0008990110878034162	0.00031362709738121374	0.0028169466654527735	0.0002963464713602303	0.0004210365153486948	0.0	4.226453371653177e-05	0.0009007318446237568	0.0	0.0	0.04627613470604401	0.024645985918077394	0.49562554908066353	0.0	0.014803115996158361	0.015849013758863783	0.00015615894695547185	0.02032768455860073	0.00015148709834879063	0.13006604743845215	0.0001403084627588961	0.0033022646892158585	0.07576242538591556	0.0	0.028569585620064827	0.0008353822348373378	0.17074950015310625	0.0	0.01341790108621104	0.004739847585399421	0.001058784712133673	9.563124591574887e-05	0.01983951599438208	0.0031166860605190715	0.022906125495274994	0.6325154062822356	5.509338328466751e-06	0.02900053602649073	0.00039860753102495284	0.00018548321104170645	0.021083928513718774	0.0011820452996923584	0.0017564586448085145	0.00036434699082508033	0.005485966979902171	1.0843164469118667e-05	0.005824396569132824	0.021045651263437107	0.0018131428729007528	0.0010579308332117321	0.0	0.0055195462831679155	0.0004168866901976043	0.0017942754070346988	0.012235420201839778	1.2399025436600682e-05	1.4662183296840789e-05	0.00036307362656984706	0.018048288772620363	0.0001831557739857749	0.0	1.5917906052518477e-05	7.738526252950313e-05	0.0	5.0455783914696086e-05	0.0	0.0	5.208279080426246e-06	0.0	0.03474924737499082	0.0029912168727494427	0.0008902676810984702	0.0	2.3661498601013896e-05	7.939343416299472e-05	2.863462928893057e-05	1.2066753279140203e-05	8.468386454815865e-05	2.085027418110548e-05	0.0163830406923525	0.0017171899754383354	0.016300557047172246	0.016999281331195753	0.0016157571011533333	0.0	0.0038393483123560245	0.0034034401239096766	5.429176393941039e-06	3.9922891786150176e-05	0.0011099269436146068	0.00046684562415592645	5.335809148778367e-06
k__Bacteria|p__Campylobacterota|c__Campylobacteria|o__Campylobacterales|f__Helicobacteraceae|g__Helicobacter|s__Helicobacter rodentium	0.0	0.04616649922700134	0.0	0.0	0.000253180254006965	0.10036761605207149	0.0005114172584871539	0.0011288744584090397	0.0013974042314018904	5.312818769126148e-06	0.0	0.0	0.0	0.0	0.0	0.001687051876845213	0.0	0.0001875520594871003	0.0	0.0	0.001690803104636558	6.257587324631115e-06	0.00017433371832029462	0.0	1.0524155568067607e-05	0.25351971541660406	0.0	0.0024647582807229957	0.0	0.0004335561776402768	0.0	0.0	0.002777416940387601	0.011787737913576304	0.0	3.7180710647316173e-05	2.6353377712421402e-05	0.0	0.00010862009037191519	0.0	0.0	1.0702512950040669e-05	0.0	0.00023028271219480847	0.0	0.00012029614724248423	0.0	0.0	0.00017692946947966653	0.0	0.0	0.42477221317886815	0.0	0.0	0.0	0.0	0.0	0.0	0.0	8.97701323548389e-05	0.0	4.317183469504495e-05	0.0	0.0	0.0	5.375274810924708e-06	0.0	0.0	2.6840773819509216e-05	0.0	0.29647926380872175	0.13143211712621206	0.0	0.0	5.126128389011631e-06	0.029184181931929187	5.344764001945494e-06	5.509338328466751e-06	5.009593371306051e-06	0.0	0.00018548321104170645	0.0	0.0	0.0	0.0010323164740043942	0.0	3.7951075641915335e-05	0.00010097037847949238	0.0	4.136447618784987e-05	0.0	1.2720866036559769e-05	0.0	0.0006892526611267058	0.00019936393411496654	0.0	0.0	0.0	0.0004999702398666746	0.0	4.8841539729539974e-05	0.0	0.0	0.0	0.0	2.242479285097604e-05	0.0	0.0	7.291590712596744e-05	0.0	0.0	0.005810962714576943	0.0223113096766089	0.0	8.873061975380211e-05	0.0	0.0	0.0	0.0	0.0	0.0	0.0	0.0	0.0	0.0	0.0	0.0007901267541370369	0.0	0.0004289049351213421	0.0	0.0	0.003306823171104479	0.0
k__Bacteria|p__Desulfobacterota|c__Desulfovibrionia|o__Desulfovibrionales|f__Desulfovibrionaceae|g__Bilophila|s__bacterium NLAE-zl-H528	0.0	9.890218573830482e-05	8.221858633362657e-06	0.0	0.0	0.0	0.0	1.075118531818133e-05	2.0625892714419046e-05	0.0004356511390683441	0.0	7.256525430493371e-06	0.019225801690099267	0.0	0.0	0.0	0.0	0.0	0.0	0.0	2.147051561443248e-05	0.0	0.0	0.0	3.683454448823662e-05	0.0	0.0	3.0886695247155334e-05	0.0	0.0	0.0	0.0	0.0	0.0	0.0	0.0	0.000658834442810535	0.0015403396082088576	1.086200903719152e-05	0.0017200331993709593	0.000510931811891938	0.0024562267220343335	0.0021498631675325136	0.0018958158166735395	0.0013282672198467464	0.0005632046893625398	0.00030381438966220904	0.006477039792058494	0.013039165750743908	0.004685261817603056	0.011023789860670805	0.00010570154112846965	1.0485422641173109e-05	0.0	0.0	0.0	0.0	0.0	0.0	2.8053166360887154e-05	0.0	0.0	0.0007620610821267366	0.0	3.243225712293447e-05	0.0	0.0	0.001513050056739377	0.0	0.0	0.0	6.894412079009963e-05	5.312846995319382e-06	0.0	0.0	0.0	0.0	0.0	0.0	0.0	0.0003709664220834129	0.0	0.0	0.0	0.0	0.0	0.0	6.908499580175795e-05	4.0718507143189536e-05	0.0015856382538675785	0.00010538774583718404	1.2720866036559769e-05	2.8132244052843606e-05	0.00020566410049748478	0.00019936393411496654	0.005710563228595895	0.00013018976708430716	0.0	0.00012499255996666864	0.0	6.105192466192497e-06	9.501134547242995e-05	0.00025468649684029564	0.005085317251938777	0.001187891912348294	0.008022469642436678	0.000782007569833276	0.007965828921930828	0.0003333298611472797	0.000447880565182618	0.0	0.0	9.831176846486173e-05	0.0	5.323837185228127e-05	0.009150093287285142	0.006743455197543149	0.005522550750753166	0.006690025299304534	0.026281770605283458	0.0	0.0	1.910968000840826e-05	0.0	0.015835410853327913	0.009828415574176571	0.014990151236937869	0.00689858971223608	0.02218904392203703	0.010180337405468295	2.2088098380390185e-05	0.0014338829884789168	0.013200791834077678
k__Bacteria|p__Firmicutes|c__Bacilli|o__Lactobacillales|f__Lactobacillaceae|g__HT002|s__Lactobacillus sp.	5.262410078567782e-06	0.0	0.0	0.0	0.0	0.0	0.0	0.0	0.0	0.0	0.0	0.0	0.0	0.0	0.0	0.0	0.0	0.0	0.0	0.0	0.0	0.0	0.0	1.0467148853323844e-05	0.0	0.0	0.0	0.0	1.0001750306303603e-05	0.0	0.0	0.03742194711407938	0.0001175298928003662	0.0004790801660811242	0.0357005955820513	0.0006258752958964889	0.0008538494378824534	0.0004034222783404151	0.0	5.460422855145902e-06	0.00043642092265769696	2.1405025900081338e-05	2.023400628265895e-05	2.1421647646028695e-05	0.0001799246433258541	0.00045931256219857613	0.0	0.0	0.0	0.0	0.0	5.285077056423483e-06	0.004880964239466082	0.0006601963954316488	0.009308273359900077	0.0	0.0	3.4278793234127966e-05	0.0	0.0	4.017484090763e-06	5.936127270568681e-05	0.0	0.0	0.0	5.375274810924708e-06	0.0	0.0	0.0	1.1723810472879895e-05	0.0	0.0	0.0	9.821542571476276e-06	0.0	5.487811570501915e-06	0.0	5.509338328466751e-06	0.0	0.0	0.0	0.0	0.0	0.0	1.6561226855685468e-05	0.023685610287752526	0.0	0.0	0.0014135138908278654	0.00029644541267959075	0.0007498743453799633	0.00046431161033443156	0.0	0.0001389622300658681	0.0008354298191484312	0.00027318241755932524	0.0003409731995065188	0.0	3.571215999047676e-05	0.0	1.831557739857749e-05	0.00010618915082212758	1.0611937368345652e-05	0.0002597933813490462	0.0003153695342517595	0.00014015495531860024	0.00019810858435776325	3.0365294492747755e-05	0.0	2.1327645961077045e-05	0.0	0.0	1.0923529829429083e-05	0.0	6.506912115278821e-05	1.3232239027165787e-05	0.0	0.0	0.00012173305528797806	1.042513709055274e-05	0.0	0.0008027730225733395	0.0	0.0	0.0	0.0005540136692218771	0.0	0.0	0.0	0.0002509438912272297	0.00026505718056468226	1.66730580055688e-05	0.0
k__Bacteria|p__Firmicutes|c__Bacilli|o__Lactobacillales|f__Lactobacillaceae|g__Lactobacillus|s__Lactobacillus acidophilus	0.0030521978455693138	0.00013013445491882213	0.002125350456724247	0.0	3.6168607715280723e-05	0.0008384225748999102	0.00010017451454903015	3.225355595454399e-05	0.00011344240992930475	0.0001328204692281537	5.255799775051769e-06	0.0	3.1630054878145214e-05	0.001053411677518395	0.00033370353569324305	0.00021628870215964269	0.0023251522421110908	0.0007336595268171863	0.0004648598393530881	0.00019650225977598743	9.124969136133805e-05	0.0	2.1791714790036827e-05	0.002454546406104441	0.0	0.0	0.0	0.0001544334762357767	5.000875153151802e-06	0.00010705090805932761	0.0018437059942220868	0.001585491665309225	0.012501469123660005	0.03633911778274602	0.11265139855938942	0.04677333399432374	0.001238608752483806	0.0048358280897169235	3.258602711157456e-05	0.0	0.00526898431013561	0.0006314482640523995	0.0004704406460718206	0.0014459612161069368	0.004635705516277888	0.025989435811069432	0.0	0.0	0.0	9.947477319751712e-06	1.0656152596105176e-05	0.00029067923810329155	0.23814491902632365	0.030686136395535617	0.14375185868078272	0.010991356312026464	0.0005573733265898043	0.0293616907824325	0.0010978442729855655	5.610633272177431e-05	0.0023582631612778814	0.10777848531617973	0.006404244094026614	0.0013757629869218285	0.00024324192842200854	0.0072458704451265074	0.004499672492192024	0.0015851000594412521	0.0024089594503009524	0.010785905635049504	0.0004159562886428527	0.004323781289550533	0.004000573787475495	0.01622518832807881	0.002265748747943141	0.006541471392038283	0.0032549612771848057	0.043705580959726736	0.0019437222280667477	2.125906832133082e-05	9.274160552085322e-05	0.00010341595837507675	0.0	0.0001463715537340429	0.0010709593366676603	0.07313753506951325	0.00010301006245662734	0.0003135395963310553	0.02621690167062218	0.015566831205360836	0.007328501710524182	0.007403544033277786	5.6264488105687215e-06	0.0018065089908562853	0.008705558456353539	0.0005200972949687153	0.0034531285840932904	0.004960705348764467	0.0014403904529492293	0.0009512879478798934	0.0015262981165481242	0.0025317729117065157	0.0001644850292093576	0.004825523870589731	0.002565005545247644	0.0016370098781212509	0.022360203113432803	0.008294786278935595	0.00012499869793022988	0.0037589976006398296	0.00042220427344151555	0.00022862804122925678	0.00044786472300659233	0.0030452263697570954	0.0015912357809181844	0.0012239821100128352	0.008296883836467633	0.000925117751400749	0.009849791995257703	0.0054679844039949126	0.0005304984605142715	0.05941052004806005	0.0013663421206011905	0.004085355741058102	0.0	0.0005113972331278866	0.0	5.094970245373767e-06	5.429176393941039e-06	0.0010779180782260547	0.003119943896230114	0.0007947490982654462	5.335809148778367e-06
k__Bacteria|p__Firmicutes|c__Bacilli|o__Lactobacillales|f__Lactobacillaceae|g__Limosilactobacillus|s__Lactobacillus antri	0.0	0.0	0.0	0.0	0.0	0.0	0.0	0.0	4.125178542883809e-05	0.0	0.0	0.0	0.0	0.0	1.0428235490413845e-05	0.0	0.0	5.516237043738244e-06	0.0	0.0	0.0	0.0	0.0	0.0	0.0	0.0	0.0	9.266008574146601e-05	5.000875153151802e-06	0.0	0.0	0.1067817777053809	0.00407024576119163	0.0009581603321622484	0.1113240687236465	0.0008861402704277021	0.0009065561933072962	0.0002305270161945229	0.0	0.0	0.0004204543035360739	8.562010360032535e-05	9.611152984263002e-05	0.00011246365014165065	0.00034397358282883876	0.0011154733653393992	0.0	0.0	0.0	0.0	0.0	3.699553939496438e-05	0.04755139167772005	0.0014607495048527034	0.05208469636590733	0.0	0.0	0.00016758521136684784	0.000619184169963859	0.0	0.0	0.00030220284286531466	0.0004005705688102077	0.0	3.243225712293447e-05	9.675494659664475e-05	0.00021833853865066782	0.0	1.3420386909754608e-05	5.861905236439948e-06	0.0	6.401954073366394e-05	9.563124591574887e-05	0.0006187571820030054	3.588289872308142e-05	1.6463434711505746e-05	0.0	0.00016528014985400254	0.0	0.0001381839440886503	0.0	0.0	0.0	4.7047999414513785e-05	0.0	0.0760317476872373	2.1686328938237334e-05	3.719961312402351e-05	0.005188701195960724	0.0038262140473761135	0.00540720203641552	0.0015583060894785717	1.1252897621137443e-05	0.00017787165448431117	0.0008828974225091375	0.0018229672864054972	0.0011531093656038636	0.00012218486080700658	0.00011308850663650973	0.0010167435406239227	0.00012820904179004243	0.00010060024814727876	0.0	0.0001492430063068989	0.00023652715068881962	5.0455783914696086e-05	0.00012512121117332414	0.00010627853072461714	0.0	2.1327645961077045e-05	0.0	3.429420618438851e-05	1.6385294744143622e-05	0.0	0.00021886886205937852	5.954507562224604e-05	2.1475971966697926e-05	2.011125546523367e-05	0.00017995321216483713	0.0001042513709055274	0.0	0.00556093100405108	0.0	0.0025319254795732214	0.0	0.0014063423911016882	0.0	0.0	0.0	0.0006444695388335671	0.001496468665271435	3.33461160111376e-05	0.0
k__Bacteria|p__Firmicutes|c__Bacilli|o__Lactobacillales|f__Lactobacillaceae|g__Limosilactobacillus|s__Lactobacillus coleohominis	0.0006578012598209729	0.0	0.000924959096253299	0.0	0.0	0.00016867673104495234	0.0	0.0	0.0	0.0	0.0	0.0	0.0	4.7641734159123394e-05	1.0428235490413845e-05	8.651548086385708e-05	0.0	0.0001654871113121473	0.0	0.0	4.294103122886496e-05	0.0	2.7239643487546035e-05	1.5700723279985765e-05	0.0	0.0	0.0	2.4709356197724267e-05	0.0	0.0	0.0	0.09731226584134224	0.005288845176016479	0.0024900339496315223	0.09085343875688695	0.003965942469047058	0.0005007141765360066	0.0007649305537363714	0.0	0.0	0.0005002873991441892	2.1405025900081338e-05	7.587752355997107e-05	0.00023563812410631565	0.00044981160831463526	0.0013724696799028882	0.0	0.0	0.0	3.4816170619130986e-05	0.0	3.699553939496438e-05	0.012477652942996	0.0006290060145451142	0.008201986558020579	0.0	0.0	0.0014930318830864626	0.0	0.0	0.0	0.01970254605895114	0.0004445356312405964	0.0	0.0	0.001789966512037928	0.0006929875357173371	0.0	0.00014091406255242338	0.004754005146752798	0.0	0.0010341618118514943	0.0006747315684055615	0.00276967500515631	0.00012815320972529078	0.001240245414933433	1.0689528003890988e-05	0.006941766293868106	7.013430719828472e-05	4.251813664266164e-05	0.0	0.0	1.5485309602956663e-05	2.613777745250766e-05	0.00017113267750874984	0.04650034939143313	0.0	0.0	0.001273907580622644	0.0011375230951658716	0.0004134442336689528	0.0004007072801516327	3.3758692863412326e-05	1.1116978405269448e-05	3.797408268856505e-05	1.0507016059974048e-05	8.059366533790445e-05	0.000576712543009071	5.95202666507946e-06	0.0	0.00016484019658719742	6.706683209818584e-05	0.0	0.00021004571258007992	7.884238356293987e-05	1.121239642548802e-05	0.00011469444357554714	2.0243529661831836e-05	0.0	3.1991468941615566e-05	0.0	1.905233676910473e-05	0.0	0.0	0.00012422286765532295	3.3080597567914464e-05	9.306254518902435e-05	1.6089004372186937e-05	0.000502810445754692	0.0002919038385354767	0.0	0.0006592308264840669	0.0	0.0015976560340538448	0.0	7.990581767623228e-05	0.0	0.0	0.0	0.0001539882968894364	0.00024296908218429206	1.1115372003712534e-05	0.0
k__Bacteria|p__Firmicutes|c__Bacilli|o__Lactobacillales|f__Lactobacillaceae|g__Limosilactobacillus|s__Lactobacillus pontis	0.0	0.0	0.0	0.0	0.0	0.0	0.0	0.0	0.0	0.0	0.0	0.0	0.0	0.0	0.0	0.0	0.0	2.2064948174952976e-05	0.0	0.0	0.0	0.0	0.0	0.0	0.0	0.0	0.0	0.0	0.0	0.0	0.0	0.03734593039040018	6.185783831598221e-06	0.0008280397932266345	0.035242895638691665	0.0012021763109298896	5.27067554248428e-06	0.0	0.0	0.0	1.596661912162306e-05	0.0	0.0	0.0	0.0	1.6404020078520576e-05	0.0	0.0	0.0	0.0	0.0	0.0	0.004409120220613292	0.0006601963954316488	0.003848212692559329	0.0	0.0	4.9513812449295955e-05	0.0	0.0	0.0	0.0004371148262873301	0.0	0.0	0.0	1.6125824432774127e-05	0.0	0.0	0.0	5.8619052364399474e-05	0.0	0.0	5.312846995319382e-06	9.821542571476276e-06	0.0	0.0	0.0	0.00013222411988320204	0.0	0.0	0.0	0.0	0.0	0.0	0.0	0.01828308006800096	0.0	0.0	5.81692959188422e-06	0.0002688690952210242	0.0	3.1802165091399425e-05	0.0	1.6675467607904172e-05	7.59481653771301e-05	0.0	6.199512718300341e-06	4.887394432280263e-06	0.0	0.0	0.0	0.0	0.0	1.65825562563221e-05	0.0	0.0	0.0	0.0	0.0	0.0	0.0	0.0	2.7308824573572705e-05	0.0	6.506912115278821e-05	0.0	0.0	0.0	0.0	0.0	0.0	4.784739869642421e-05	0.0	4.422577256896456e-05	0.0	0.0	0.0	0.0	0.0	0.00010836213484812192	1.1044049190195092e-05	1.1115372003712534e-05	0.0
k__Bacteria|p__Firmicutes|c__Bacilli|o__Mycoplasmatales|f__Mycoplasmataceae|g__Mycoplasma|s__Malacoplasma muris	0.0	0.0	0.0	0.0	1.0333887918651635e-05	0.0	0.0	5.375592659090665e-06	0.011669098803182575	0.0	0.0	0.0	0.0	0.0	0.0	2.162887021596427e-05	0.0	0.0	0.0	0.0	0.0009715408315530698	0.0	0.0	0.0	0.0	0.06912169948394208	0.0	0.0	0.0	0.0	0.0	0.0	0.0	0.0	0.0	0.0	0.0	0.0	0.0	0.0	0.0	0.0	0.0	0.0	0.0	0.0	0.0	0.0	0.0	0.0	0.0	0.036609728769845466	0.0	0.00015075350761825052	0.0	0.0	2.58043206754539e-05	0.0	0.0	0.0	0.0	0.0	0.0	0.0	0.0	0.0	0.0	0.0	0.0	0.0	0.0	0.0	0.0	0.0	0.0	0.0	0.0	0.0	0.0	0.0	0.0	0.0	0.0	0.00010455110981003064	0.0	0.0	0.0	0.13263787770892896	0.0006165945367397274	0.0	0.0	0.0	0.0	0.0	0.0	0.0	0.0	0.0	0.0	0.0	1.2210384932384993e-05	0.0	0.0	0.0	0.0	5.60619821274401e-06	0.0	0.0	5.208279080426246e-06	0.0	0.0	0.0	5.461764914714541e-06	0.0010111103180834107	0.0	0.0	0.0	0.0	0.0	0.0	0.0	0.0	0.0	0.0	0.0	0.0	0.0	0.0	0.0	0.0	0.0	0.0	0.0
k__Bacteria|p__Firmicutes|c__Bacilli|o__Staphylococcales|f__Gemellaceae|g__Gemella|s__Gemella haemolysans	0.0007156877706852184	0.0	0.0	0.001514171088391355	0.007223387655137492	0.0	0.0014709836610094429	0.00044617419070452517	0.0003918919615739619	0.0025289017341040463	0.00011037179527608716	0.016327182218610084	7.907513719536303e-05	0.001333968556455455	0.0007716894262906245	3.785052287793747e-05	0.0027100413887644003	1.654871113121473e-05	0.05243186560145296	0.0181661168050801	3.7573402325256844e-05	0.0	5.447928697509207e-06	0.004401436092822676	0.010118975578697004	0.0003507189738964878	0.0	0.00036446300391643297	0.04342759982997024	3.746781782076467e-05	0.0	0.000966498343921377	0.0	5.914569951618818e-06	0.0008066961501713515	0.0	0.001033052406326919	0.00048725028422933245	0.0	0.00026210029704700334	0.0006812424158559173	1.0702512950040669e-05	0.0	0.0	2.1167605097159308e-05	0.0	0.0	1.5849200143699415e-05	0.0	0.0	0.0	0.0	4.1941690564692435e-05	0.0	0.0008088978766430738	0.0010884644114822323	0.002544306018599754	0.002334766694724494	0.0045187270276085875	3.366379963306458e-05	0.00032139872726104005	0.003102975618706356	0.0011284366023799754	0.0010669182347557038	0.0002270257998605413	0.0025747566344329355	0.003531388538176019	0.0016841688131563305	0.00017446502982680992	0.0018406382442421436	2.0541051291005072e-05	0.00037919266434554796	0.0024864123938094706	0.0060795348517438145	5.6387412279127945e-05	6.0365927275521066e-05	0.0011972271364357908	0.00024241088645253706	0.03277776942845549	0.07788791156227579	9.819699408090342e-05	0.00011634295317196135	0.0	0.0018505546436375423	1.1040817903790314e-05	0.0011055370719954944	0.000390353920888272	0.0	0.0006922146214342221	0.0005032677936188402	0.00023509574071371825	2.5441732073119538e-05	0.0	0.0	1.8987041344282527e-05	0.0005726323752685856	0.0	0.002179777916796997	0.0001785607999523838	0.0015142060454785458	6.105192466192497e-06	1.117780534969764e-05	0.0	2.763759376053683e-05	0.0	5.60619821274401e-06	0.007877422920120534	3.0365294492747755e-05	0.0	0.00043188483071181016	0.008132021440634407	1.143140206146284e-05	8.738823863543266e-05	0.0	5.323837185228127e-05	0.0	0.0	0.0	0.0	4.170054836221096e-05	0.0	0.0011004901700177568	0.0006019549202648601	0.0013875836143512632	0.0	0.0003249503252166779	0.0	0.0	0.0	0.00014828502663427208	0.0015296008128420204	3.33461160111376e-05	0.0
k__Bacteria|p__Firmicutes|c__Clostridia|o__Christensenellales|f__Christensenellaceae|g__Christensenellaceae R-7 group|s__uncultured prokaryote	2.104964031427113e-05	0.0027015912841147475	0.0	0.0	0.0	0.0	0.00030579588651809204	0.0013600249427499383	0.0	0.0036020911254675283	0.00026278998875258847	0.0	3.1630054878145214e-05	8.99899423005664e-05	0.0	0.0015140209151174987	5.27245406374397e-06	0.0023940468769823977	5.405346969221954e-06	0.0	0.004406823329862267	0.003679461346883096	0.004636187321580335	0.0	0.00020522103357731834	4.0082168445312894e-05	0.0	0.00016061081528520775	0.0	0.0011186819892199736	0.0	0.0	0.001818620446489877	0.0017743709854856453	0.0	0.0024601236878307535	0.0	0.0	0.0005974104970455336	0.0	6.918868286036659e-05	0.0	0.0	0.0	0.0	6.56160803140823e-05	0.0	0.0	0.0	0.0	0.0	0.0014375409593471874	0.0	0.0	0.0	0.0	7.225209789127092e-05	0.0	0.00036887567572315	0.026650508042842795	0.0	0.00011872254541137362	0.0	0.0	0.0019351246750017568	0.00023113681686976246	0.00022783151859200122	0.0	0.004267683037301966	0.0	0.0	0.0010440109719643657	0.004005886634470814	0.0	0.0	0.0009439035901263294	5.344764001945494e-06	0.0033276403503939176	0.0	0.0	0.002078503041379122	0.0	2.5808849338261103e-05	3.6592888433510724e-05	2.7602044759475783e-05	0.0	0.00016806904927133933	0.0001966265265126957	0.0004013681418400112	0.002075117888757135	0.00036885711043014414	0.004331454885448601	0.0	0.0001445207192685028	0.00035126026486922675	0.0	0.0006695473735764369	0.0037339693462621207	0.0003095053865841319	0.0	0.029994810586403735	0.0	0.0	0.003034607794906944	5.256158904195991e-06	0.009059616311794319	0.0	0.00013664382521736489	2.0833116321704983e-05	0.0	0.0	0.001413683388267571	0.004915588423243087	0.0	0.0020053120064359277	0.0	0.0	0.0	0.0	0.0	0.0	5.316377632936023e-06	0.0	0.0	9.912620252474438e-06	0.0	0.003166071289464606	5.094970245373767e-06	0.004962267224062109	0.0	0.00010491846730685338	0.0021508244827183752	0.0
k__Bacteria|p__Firmicutes|c__Clostridia|o__Clostridiales|f__Clostridiaceae|g__Candidatus Arthromitus|s__Candidatus Arthromitus	0.0	1.041075639350577e-05	0.0	0.0	0.00022734553421033596	0.0	0.0	5.375592659090665e-06	0.0	0.0035702142128527714	0.003169247264356217	0.0	0.0	0.0	3.1284706471241534e-05	0.0	0.0	0.0	0.0	0.005321074350249764	1.073525780721624e-05	0.0	5.447928697509207e-06	0.0	0.002225858902646299	0.00024049301067187735	0.0	0.0	0.0	0.0	0.0	0.031438345007330185	0.038927137652247604	0.00039036161680684197	0.0	0.0005886945852491728	0.0	0.20749003232617477	0.0003204292665971498	0.0	0.08411214953271028	0.0018087246885568732	0.00028833458952789005	1.0710823823014348e-05	0.0	0.001941142375958268	0.0	0.0	0.0	0.0	0.0	0.0	0.002118055373516968	0.00517240483035032	0.0	0.0	0.007225209789127092	0.0	0.0	1.1221266544354862e-05	0.0	0.0	0.0	0.0	0.0	0.0	0.004138939254421355	0.0	2.013058036463191e-05	0.0	0.0	0.0	0.0	0.0	0.010687977691089251	3.8414680993513406e-05	0.0	0.00024241088645253706	0.0	0.013095586085939784	5.4553885600501896e-06	0.0	0.00013936778642660995	0.04152247326105367	0.0	0.0	7.048056904927134e-05	0.0	0.0	0.0	0.0	0.0	0.0	0.0	0.0	0.002899936432552837	0.0	6.353612761964342e-05	0.0	0.0	0.00010989346439146494	0.0	0.0	0.0	0.0	0.0	0.0	0.0	0.0	0.0	0.0	0.0	0.0	0.0	0.0	0.0	0.0	0.0	0.0	0.0	0.0	0.0033812161745473105	0.0	0.0	0.0	0.0	0.0	0.0	0.0	0.0	0.0002816232543499749	0.0	0.0
k__Bacteria|p__Firmicutes|c__Clostridia|o__Clostridiales|f__Clostridiaceae|g__Clostridium|s__perfringens	0.0	0.0	0.0	0.0	0.0	0.0002778204981916862	0.0	0.0	0.0	0.0	0.0	0.0	0.007317086028477593	1.0587052035360753e-05	0.0	0.0	0.0	0.0	0.0	0.0	0.0	0.0	1.0895857395018414e-05	0.0	0.0	5.010271055664112e-06	0.0	1.85320171482932e-05	0.0	1.0705090805932762e-05	0.0	0.0	0.0	0.0	0.0	0.0	0.0007853306558301577	0.0003143550220834403	2.7155022592978798e-05	0.00036584833129477547	0.00019159942945947672	4.816130827518301e-05	0.0008397112607303464	6.426494293808609e-05	0.000825536598789213	0.0	1.5190719483110451e-05	0.009689144354514909	0.01114655657721899	0.007674478752188445	0.013575938407437994	0.0	0.0	0.0	0.0	0.0	0.0	0.0	4.391377091942262e-06	0.0	0.0	0.0	0.00032729546475955996	0.0	5.405376187155745e-06	0.0	0.0	0.0	6.710193454877304e-05	0.0	0.0	4.924580056435687e-06	1.0625693990638764e-05	0.0	0.0	5.487811570501915e-06	0.0	0.0	0.0	0.0	1.0910777120100379e-05	0.0	0.0	0.0	0.0	0.0	0.0	0.0002338261396367192	1.745078877565266e-05	0.0	0.0	6.3604330182798845e-06	0.00014066122026421804	5.558489202634724e-05	0.0	0.00014709822483963668	0.0	1.4662183296840789e-05	0.0	0.0	1.2210384932384993e-05	0.03944647507908297	0.13384306005825955	0.0012492192379762648	0.04608600127199045	0.0007736553533586733	0.005359358545257385	0.007064991851979311	0.07911375923167467	0.007198080511863503	1.8356707540935456e-05	7.6209347076418925e-06	1.0923529829429083e-05	0.0	2.3661498601013896e-05	0.0010718113612004287	0.0031712851937490604	0.0004062473603977202	0.0034138182895976457	0.0006776339108859282	0.0	3.721464343055216e-05	0.0	0.0	0.00326125206306409	0.0024344639118692103	0.0010516475812105631	0.0006215863699355995	0.00151474021390955	0.002657723938906569	0.00011044049190195093	5.00191740167064e-05	0.01587936802676442
k__Bacteria|p__Firmicutes|c__Clostridia|o__Lachnospirales|f__Lachnospiraceae|g__Lachnoclostridium|s__[Clostridium] glycyrrhizinilyticum	0.0017471201460845039	0.0002862958008214087	0.0018540291218232794	0.0	0.00017567609461707778	0.0	2.6361714355007934e-05	1.075118531818133e-05	3.609531225023333e-05	0.004733721523291398	0.0002785573880777438	0.00129166152662782	0.004032831996963515	0.002472076650256736	0.011053929619838676	0.005163892764061469	0.00140774523501964	0.0020741051284455794	0.0	1.5513336298104272e-05	0.0009983789760711103	1.8772761973893347e-05	0.0008825644489964915	0.00032971518887970106	6.314493340840564e-05	0.0	0.004736646137130789	0.0001111921028897592	0.005916035306178582	8.56407264474621e-05	0.000130656330299203	0.0	0.0006000210316650274	1.1829139903237635e-05	5.7212492919954e-06	6.816463618674632e-05	0.0	0.0	0.006886513729579423	0.0	0.005934260106869904	0.0	0.0	0.0	0.0	0.0	0.0	0.0	0.0007881403640457872	0.0	0.0008365079787942564	0.0	2.6213556602932772e-05	0.0	0.0	0.0005164870344680397	0.0014656854143657815	0.004559079500139019	0.0023010815961777456	0.0001627083648931455	0.0	0.0010738993880392432	0.000879301248607773	0.0	0.007243204090788698	0.0031445357643909546	0.0009967628938400053	9.006250337734388e-06	0.0024626409979399706	0.00222166208461074	0.0	0.001245918754278229	0.0034320991589763205	0.00034375399000166965	0.00015378385167034894	0.00020853683967907277	0.0	0.0014985400253429563	0.00028053722879313887	0.0	0.002100324595619323	0.0	0.0	4.182044392401225e-05	0.00013801022379737892	5.7362772603539804e-05	1.0843164469118667e-05	0.00014879845249609404	0.000820187072455675	0.01173372307862008	0.015062340905037535	0.0005915202707000292	0.0	0.001006086545676885	0.0010158067119191152	1.0507016059974048e-05	0.0007377420134777406	0.003792618079449484	0.0009463722397476341	0.003957881507922308	0.00025641808358008487	0.0	0.0	0.00012713293129846943	0.0	2.242479285097604e-05	0.0	0.0	0.0	0.0	0.0009545487921286438	0.0045839922266465985	0.0015019853515464987	0.0013203911212618658	0.0008932215721882745	0.0002050997049210697	0.0007158657322232642	4.022251093046734e-06	0.0010267918576464237	5.21256854527637e-06	0.048603020720645755	0.0037852608746504483	0.004748755482089452	0.012847586931284205	0.00040641743035145197	0.000793731122250574	0.01909102037636742	2.5474851226868835e-05	0.008974428579184538	0.0003022733235237085	0.003396045125984991	0.0023842472947963387	0.001120519921243457
k__Bacteria|p__Firmicutes|c__Clostridia|o__Oscillospirales|f__Oscillospiraceae|g__Colidextribacter|s__Clostridiales bacterium	8.94609713356523e-05	0.03636477208251566	0.0	0.0	8.267110334921308e-05	0.004202035035149254	0.0006063194301651825	0.012917549159794867	8.250357085767619e-05	0.00031876912614756884	0.002296784501697623	7.256525430493371e-06	0.0002266820599600407	7.410936424752528e-05	0.0	0.013491007797207712	0.0	0.025633953542251616	0.0	0.00037749118325387056	0.006747109531835407	0.0	0.0035193619385909475	0.0	5.262077784033803e-06	0.0	0.00020753346477119436	0.0008030540764260388	0.0	0.026270292837758995	0.00750548030718755	0.0	0.02597410630888093	0.014999349397305323	0.0	0.00391636818818397	0.0	0.0	0.027757864094542926	0.0	0.001490217784684819	0.0	0.0	0.0043164620006747815	0.0	0.16202797432224056	0.0	0.0	4.289199260113127e-05	0.0	1.5984228894157766e-05	0.010004650867809653	0.0	0.0	0.0	0.0004994130829153772	0.0	3.8087548037919965e-06	0.0001405240669421524	0.029865400907800464	0.0	1.0792958673761238e-05	0.0	0.0	0.0012540472754201328	4.8377473298322377e-05	5.6957879648000305e-05	0.0	0.000684439732397485	0.0	6.675841669576649e-05	0.004348404189832712	5.84413169485132e-05	0.0	0.0	0.021589050718354534	0.0011705033164260631	0.0012891851688612197	0.0	0.0	0.04347399143503996	0.0004847623048831723	7.226477814713109e-05	6.795822137651991e-05	0.006254623342497212	0.0	0.009731740111034004	0.0016420972079033236	0.00013960631020522128	0.0036056035077075806	0.0005390988537055953	0.01156962766025111	0.0	0.002356799421917123	0.0011771965633455166	0.0	0.0016180728194763892	2.4436972161401315e-05	0.0035057437057318015	0.0	0.011953966848804908	0.0	0.0	0.011950495542056126	0.0	0.007478668415800509	0.0	2.5304412077289795e-05	2.0833116321704983e-05	0.0	0.0	0.002545392192352392	0.020683703732023967	0.003687578807127733	0.041366214929222545	0.0	0.0	0.0	0.0	0.0	0.0	3.1898265797616134e-05	0.0005350710402354312	0.0	1.9825240504948877e-05	0.0	0.018044937068073315	0.0	0.04252130951734622	5.13294322964788e-05	8.835239352156074e-05	0.05633826300081698	4.2686473190226935e-05
k__Bacteria|p__Firmicutes|c__Clostridia|o__Peptostreptococcales-Tissierellales|f__Peptostreptococcaceae|g__Romboutsia|s__Romboutsia ilealis	0.002710141190462408	0.0014887381642713251	0.013319410986047506	0.008890902031836418	0.03519722225092747	0.0008433836552247618	0.04603282560671486	0.00832141743627235	0.005692746389179657	0.028365139408364503	0.002990550072004457	0.039439215714731475	0.003025941916675892	0.010068286485628077	0.016455755603873048	0.003855346115995631	0.019407903408641552	0.008202644484038768	0.00041080636966086854	0.036570104766731136	0.002270507026226235	0.003854673791972767	0.002664037133082002	0.001339795053225452	0.01036103115676256	0.0007866125557392655	0.000683639648658052	0.004070866433575073	0.0034155977296026806	0.0015094178036365194	0.00407212229432516	0.0	0.00019794508261114307	0.0005441404355489313	0.0	0.0007869917087015256	0.0	2.0957001472229354e-05	5.9741049704553356e-05	5.460422855145902e-06	0.00013837736572073318	0.0	6.576052041864159e-05	0.0	0.0	0.00025152830787064884	5.063573161036818e-06	0.0	2.6807495375707047e-05	0.0	2.6640381490262942e-05	1.0570154112846966e-05	1.0485422641173109e-05	0.0006549979986172265	0.0	0.00035855298260591183	0.008856042855815777	0.0017177484165101903	0.0011241925355372192	0.0011614010873407282	0.00044594073407469304	0.0028385481311992058	0.000195400277468394	0.0011848407764918605	0.01931881449289463	0.0016609599165757348	0.022431911601370785	9.006250337734388e-06	0.013024485495916848	0.0012837572467803485	0.000708666269539675	0.002383496747314873	0.015401943439430887	0.005588457723170001	0.0004921083253451166	0.0012018307339399193	0.0009620575203501889	0.012170128367583053	0.00013525902102526339	0.020360872684754592	0.002329450915141431	9.048896357819216e-05	9.291185761773997e-05	0.0015107635367549426	0.0004637143519591931	0.0008708711840719225	0.02759585357390701	0.0002550830614218755	0.01677602494299409	0.009624134793039738	0.0026549605201290597	0.020372466957550472	7.314383453739337e-05	0.0001667546760790417	0.0005506241989841933	0.0002416613693794031	0.0005641556573653311	0.018528112292774478	0.0038152490923159337	0.009168146690347045	0.002826704111847126	0.00040798989526396386	0.0005146789623647641	0.00046983909392912614	7.358622465874389e-05	3.363718927646406e-05	9.384090837999312e-05	0.00023280059111106612	0.004338496473995063	0.0015729138896294322	0.0010096189147514503	0.0024158363023224797	0.002976661878519425	7.137249304118193e-05	0.007506610431171659	5.292895610866315e-05	9.306254518902435e-05	1.2066753279140203e-05	0.0004604685134806127	0.0001980776047205021	3.640675709411667e-05	0.01979819030505375	4.777420002102065e-05	0.00027641107855602855	0.0005501504240123313	0.0002450445075404457	0.0004228847416508085	0.0017832395858808185	0.00017916282100005428	0.0004163387286269947	0.000999486451712656	0.007402837754472548	2.6679045743891832e-05
k__Bacteria|p__Fusobacteriota|c__Fusobacteriia|o__Fusobacteriales|f__Fusobacteriaceae|g__Fusobacterium|s__Fusobacterium necrophorum	0.0	0.0	0.0	0.0	0.0	0.0	0.0	0.0	0.0	0.0	0.0	0.0	0.0007274912621973399	0.0	0.0	0.0	0.0009595866396014025	0.0	0.0	1.5513336298104272e-05	0.0	0.0010763050198365517	0.0	0.0	0.0	0.0	0.0	0.00393496497448759	0.0	5.352545402966381e-06	0.0	0.0	0.0	0.0	5.7212492919954e-06	0.0	6.851878205229564e-05	0.0	0.0	0.0016162851651231871	0.0	2.6756282375101674e-05	3.5409510994653166e-05	3.748788338055022e-05	3.1751407645738964e-05	0.0	0.08667824537062824	0.02413833181885421	0.005350776076991127	0.030130908801527932	0.0006766656898526787	0.0	0.0	2.599198407211216e-05	0.0	0.0	1.5482592405272337e-05	0.00011807139891755188	0.0	0.0	0.0	0.0	5.86200832405182e-05	0.0	0.0	0.0	0.0	0.0	0.0	0.0	0.0	0.0	5.312846995319382e-06	0.0	0.0	0.0	0.0	0.0	0.0	0.0	5.4553885600501896e-06	0.0	0.0	0.0	0.0	0.0	0.0	0.0	0.0	0.00011030526983426634	0.00017429511811534282	0.0	0.00019129925955933653	5.0026402823712516e-05	6.645464470498884e-05	6.304209635984428e-05	1.2399025436600682e-05	0.0	0.00046425807987619783	8.291041747577052e-05	0.0	0.0	5.305968684172826e-06	0.00012713293129846943	0.00014191629041329176	8.969917140390415e-05	0.0733418832827635	0.00555684889217284	0.01513525900771867	0.0003145827779258864	0.0001284969527865482	7.6209347076418925e-06	4.369411931771633e-05	0.00020222206361668213	1.774612395076042e-05	0.0012305982295264181	0.000501106012556285	0.0032178008744373878	0.003456160221871725	0.000422218052167386	0.0	0.0	1.910968000840826e-05	0.0	0.03296937495972998	0.013152497589507834	0.0012241400416207614	0.00881939349474199	0.00025517129051522884	0.026605755740341512	1.656607378529264e-05	1.1115372003712534e-05	0.0010724976389044516
k__Bacteria|p__Fusobacteriota|c__Fusobacteriia|o__Fusobacteriales|f__Fusobacteriaceae|g__Fusobacterium|s__Fusobacterium nucleatum	0.0005420282380924816	0.0	0.0015662640696555864	0.0	5.1669439593258175e-06	0.0	5.272342871001587e-05	0.0	0.0008508180744697856	0.0	1.0511599550103538e-05	0.0013714833063632472	7.907513719536303e-05	3.176115610608226e-05	6.778353068768998e-05	0.0	0.00042179632509951756	0.0	0.00023242991967654405	5.17111209936809e-05	0.0	0.0	0.0	0.0005285910170928541	9.471740011260846e-05	0.0	0.0	0.0004509457506084679	0.00013502362913509863	0.0	7.258685016622388e-06	0.0	0.0	0.0	0.0	0.0	0.014446921661949412	0.00016241676140977748	1.086200903719152e-05	0.015693255285689323	0.0008568752261937709	0.00036388544030138275	0.0002731590848158958	0.00029454765513289453	0.0005609415350747216	0.0	0.04333405911215308	0.0062815663236195345	0.0032168994450848458	0.006450939041858984	3.729653408636812e-05	3.17104623385409e-05	3.1456267923519327e-05	0.0	0.00013679890560875513	0.0	0.0	0.00039611049959436764	0.0	0.0	0.0	3.777535535816433e-05	0.0	0.0	0.0	3.7626923676472957e-05	0.0	0.0	0.0	0.002544066872614937	0.0	0.0	0.00041971491263023117	0.0006678648948603867	0.0	0.0	0.0006734402642451323	2.2037353313867003e-05	8.015349394089681e-05	5.314767080332705e-06	0.0	0.0	0.0	1.5682666471504595e-05	0.0	0.0	0.0	5.314230446289073e-06	0.0005060728744939271	0.0004825855555249152	0.00010538774583718404	6.3604330182798845e-06	2.2505795242274886e-05	1.6675467607904172e-05	0.00018987041344282527	0.03654340185658974	0.0	0.0002248201438848921	0.00029164930658889354	0.0	0.0	0.0	9.020146763093804e-05	5.527518752107366e-05	5.781774794615591e-05	5.6061982127440095e-05	0.002924708311176452	0.00027834853285018773	0.0001927063259757711	4.265529192215409e-05	0.00017438872163888684	0.0	9.831176846486173e-05	0.00014274498608236386	0.0	6.616119513582893e-06	0.0	0.0	0.0	0.0	0.0013366480818839976	5.3163776329360225e-05	0.0	0.006114213057659351	0.03123962272567319	0.0061474209065581365	0.00012241400416207614	0.018530406782424392	0.0	0.010705038268943413	0.0019934508788302142	0.00023342281207796323	3.20148548926702e-05
k__Bacteria|p__Fusobacteriota|c__Fusobacteriia|o__Fusobacteriales|f__Fusobacteriaceae|g__Fusobacterium|s__Fusobacterium varium	0.0	5.205378196752885e-06	0.0002548776176342424	0.0	1.550083187797745e-05	0.0005407577554088179	0.00042178742968012695	0.0	0.000453769639717219	0.0	0.0	0.0	0.16986920972307887	0.0	0.0	0.0	0.0	0.0	0.0	0.0	0.0	0.0	1.0895857395018414e-05	5.233574426661922e-06	0.0001683864890890817	7.014379477929756e-05	0.0	0.0009883742479089707	0.0	5.352545402966381e-06	0.0	0.0	0.0	1.1829139903237635e-05	0.0	0.0	0.00046909012328110095	5.239250368057338e-05	1.086200903719152e-05	0.013465402760789795	0.000255465905945969	0.036185196284087506	0.06249272840399217	0.04014952310056928	0.03449790440709538	0.012636563467153684	0.04884322671136114	0.16433507322330465	0.2572071951317588	0.1986660432914213	0.279127261102379	0.03329598545546794	0.0	0.006851487001408765	0.0	0.0	0.0005418907341845318	0.0006322532974294714	0.00010100167311467202	0.0009706395560866955	0.0	0.00015649790076953794	0.01400531488754714	0.0	0.003102685931427398	6.987857254202121e-05	0.0	0.0	0.0	0.0	0.0	0.0	0.0	0.0	1.5378385167034894e-05	0.0	0.0007696460162801512	0.0	0.0	5.314767080332705e-06	0.00023458170808215816	0.0	0.0	2.0910221962006126e-05	0.00022633676702770141	0.0	0.0001897553782095767	0.0008874764845302752	8.72539438782633e-05	0.00019303422220996608	0.00010944112067707574	2.5441732073119538e-05	0.0157034186302973	0.03285067118757122	0.0392272274172877	0.4828289090039874	0.038945338896362744	1.4662183296840789e-05	0.008648294744360454	0.00019200307204915277	0.0022772367898898013	0.00029062293909213867	0.0009020146763093804	0.0047370835705560135	0.018233615238655895	0.026988238196149664	0.09952871010458048	0.03404455600878569	0.047338048561994146	0.0054492135430551855	0.0011289375137675307	0.00033532112713624323	0.0014091353479963515	0.006399733542692646	0.006702119478737186	0.055873129292207536	0.1514771889384427	0.016644075023027387	0.07979866411203675	0.13115343716769876	0.0	5.316377632936023e-06	0.0008217162403615551	0.006633865885344685	0.07935548143118411	0.03129644525652431	0.010566554268353755	0.02702372218146246	0.013518649220913188	0.06431007539723277	0.0	8.892297602970027e-05	0.177239572494971
k__Bacteria|p__Fusobacteriota|c__Fusobacteriia|o__Fusobacteriales|f__Fusobacteriaceae|g__Fusobacterium|s__bacterium NLAE-zl-P329	0.00011051061164992343	0.00030711731360842025	0.0	0.0	0.0	0.00045641938988634165	0.0	0.0	0.0	0.0	0.00011037179527608716	0.0	0.008202727565065659	0.0	0.0	0.0	0.0	0.0	0.0	4.136889679494472e-05	0.0	0.0	0.0	2.6167872133309607e-05	0.0	5.010271055664112e-06	0.0	6.177339049431067e-05	0.0	0.0011347396254288726	0.0	0.0	0.005579577016101595	0.007310408460200859	0.0	0.007163483584716249	0.0	0.0	0.0	0.0	0.0	5.8863821225223683e-05	5.058501570664738e-05	0.0010871486180359562	0.0005768172388975911	0.03687623713651426	0.0	0.00036981467001965303	0.04668257244725625	0.0002337657170141652	0.03537309854277113	0.00496268735598165	0.0	0.0	0.0	0.00040550634937573367	0.0	0.0	0.0	0.017824981905707697	0.0	0.0	0.0	0.0	0.007502662147772174	0.000607406053634492	0.00013290171917866738	0.0	0.0027243385426801853	2.344762094575979e-05	0.0	0.004702973953896081	0.00010625693990638763	0.0	0.0	0.0016957337752850918	0.0	0.00041320037463500635	0.0	0.0	0.03045743433076021	0.0	1.0323539735304442e-05	2.0910221962006126e-05	0.00017113267750874984	4.693317758471438e-05	2.1686328938237334e-05	2.1256921785156293e-05	5.81692959188422e-06	3.447039682320823e-05	0.0	3.1802165091399425e-05	2.2505795242274886e-05	0.0003501848197659876	0.00046518251293492193	3.152104817992214e-05	0.0009361264204633515	2.4436972161401315e-05	0.0042140348788762575	0.0	0.01445099056747764	0.0	0.0	0.004388849889173249	0.0	0.004215861055983495	0.0	7.085235381641142e-05	0.0	0.0	0.0	2.6673271476746624e-05	8.192647372071812e-05	0.0	0.00028393798321216674	0.0	0.0	0.0	0.0	0.00018243989908467296	0.0	1.0632755265872046e-05	0.0	0.0	0.004505285904749632	0.0015661540264541526	0.02247409830957389	0.00297546262329828	0.04522503936152886	0.002766086073754691	0.0	0.00031123041610395095	0.005559913133027058
k__Bacteria|p__Fusobacteriota|c__Fusobacteriia|o__Fusobacteriales|f__Fusobacteriaceae|g__Fusobacterium|s__gut metagenome	0.0	0.0	0.0	0.0	0.0	0.0	0.0	0.0	0.0	0.0	0.0	0.0	0.0	0.0	0.0	0.0	0.0	0.0	0.0	0.0	0.0	0.0	0.0	0.0	0.0	0.0	0.0	0.0	0.0	0.0	0.0	0.0	0.0	0.0	0.0	0.0	0.0	0.0	0.0	0.0	0.0	0.0	0.0	0.0	0.0	0.0	0.0	0.0	0.0	0.0	0.0	0.0	0.0	0.0	0.0	0.0	0.0	0.0	0.0	0.0	0.0	0.0	4.396506243038865e-05	0.0	0.0	0.0	0.0	0.0	0.0	0.0	0.0	0.0	0.0	0.0	0.0	0.0	0.0	0.0	0.0	0.0	0.0	0.0	0.0	0.0	0.0	0.0	0.0	0.0	0.0	0.0	0.0	2.5441732073119538e-05	0.0005626448810568722	0.0	1.8987041344282527e-05	0.0001313377007496756	0.0	0.0	0.00011308850663650973	0.0	0.0	0.00010060024814727876	0.000700387866310813	0.0005859169877233809	0.020157369397591628	0.001676253265610459	4.692045418999656e-05	0.0076166280352642285	0.12260288955323383	5.331911490269261e-06	0.0	0.0003886676700897365	0.004008935447400473	0.0	0.02808028346475324	5.954507562224604e-05	0.0002648703209226078	8.044502186093468e-06	1.5878224602779747e-05	0.0	0.0	0.0	0.0	0.0	0.00020320871517572598	0.00011186814474672519	0.0120577794099645	0.00012737425613434418	0.020891470763885117	0.00013687848612394348	0.0	0.0	0.0
k__Bacteria|p__Proteobacteria|c__Gammaproteobacteria|o__Cardiobacteriales|f__Wohlfahrtiimonadaceae|g__Ignatzschineria|s__Ignatzschineria sp.	0.0	0.0	0.0	0.0	0.0	0.0	0.00013180857177503966	0.0	0.0	0.0	0.0	0.0	0.0	0.0	0.0	0.0	0.0	0.0	0.0	0.0	0.0	0.0	0.0	0.0	0.0	0.0	0.0	0.0	0.0	0.0	0.0	0.0	0.0	0.0	0.0	0.0	0.0	0.0	0.0	0.0	0.0	0.0	0.0	0.0	0.0	0.0	0.0	0.0	0.0	0.0	0.0	0.0	0.0	0.0	0.0	0.061030839824991995	0.0	0.00048752061488537555	0.014684764995454925	2.8053166360887154e-05	0.0005182554477084271	0.0	0.00028821540926588114	0.0	0.0	0.0003278917634664072	0.00015188767906133415	0.0	0.0	0.0	0.0	0.0	0.0	0.0004419694157164324	0.0	0.0	0.0	0.0	0.002645065300049595	5.846243788365975e-05	0.0	0.0	0.001894369541428365	0.0004495697721831317	2.2081635807580627e-05	0.02559422617619758	0.0	0.0	0.0	0.0	0.0	0.0	0.0	0.0	0.0	0.0	0.0	1.4662183296840789e-05	0.0	0.0	0.0	1.117780534969764e-05	7.428356157841957e-05	0.0	0.0	0.0	0.00010948105977665864	3.542617690820571e-05	0.0	5.331911490269261e-06	0.0	0.0	0.0	0.0	0.0	0.0	0.00027918763556707306	8.446727295398143e-05	0.0	0.0	0.0	0.0	0.0	0.0	0.0	0.0007084982500625929	0.0	0.0	0.0	0.0005760302957715954	0.0	0.0	0.0
k__Bacteria|p__Proteobacteria|c__Gammaproteobacteria|o__Enterobacterales|f__Enterobacteriaceae|g__Escherichia-Shigella|s__Escherichia coli	1.0524820157135565e-05	0.0017125694267316992	0.001648482655989213	1.2941633234114145e-05	4.650249563393236e-05	0.0003968864259881232	0.0002741618292920825	0.0004354230053863438	0.0005672120496465238	0.00010625637538252295	0.00034162698537836504	0.003221897291139057	0.12977811516502982	5.293526017680377e-06	0.0	0.00027576809525354444	5.27245406374397e-06	0.0006178185488986832	0.0	0.0016289003113009483	0.001433156917263368	0.0008948349874222495	0.0007463662315587614	9.943791410657651e-05	0.00046832492277900853	5.5112981612305224e-05	0.0005249375873624327	0.0012231131317873513	0.0	0.0021356656157835857	0.00023953660554853882	0.0	0.0	0.0004790801660811242	0.028938078918912733	0.00033462639582584555	1.581202662745284e-05	1.5717751104172015e-05	0.0002661192214111922	0.0	0.001144274370382986	0.001006036217303823	0.006722748587413436	0.0020511227621072474	0.0029581728123280132	0.0018919303157227064	0.0013874190461240878	0.1975919781915006	0.037669892501943546	0.20414710329460448	0.03833018088819032	0.043839714183032785	0.0016986384678700436	0.049441952101971755	0.004228870516861952	0.0016262938853911003	0.0008515425822899787	0.00037706672557540766	0.0007377513514463	0.00672714929334074	0.0007673394613357331	0.0009929521979860339	0.013927154776559782	0.005413206201602624	0.03085388727628499	0.0012846906798110052	9.492979941333384e-06	0.0	0.0010266595985962276	0.005498467111780671	4.1082102582010144e-05	0.00045798594524851894	0.0012325805029140965	4.910771285738138e-05	9.227031100220936e-05	0.0002469515206725862	0.0002565486720933837	0.00018180816483940278	0.0	0.0	0.003218679250429612	0.0	2.0647079470608883e-05	0.0001986471086390582	0.0003588265818731852	0.007039976637707158	0.0008186589174184594	0.0011797591590761742	0.0010703150449066965	0.0007721368888398643	0.0007336608460203966	0.00027985905280431494	0.7472092813899579	0.12553847864150525	0.10255850382114207	0.0892728619535695	0.005021605301823277	0.0010752267751016579	0.0011725492530206536	0.006632833398061642	0.006953814218993254	0.2110425539049663	0.2265011911899696	0.01878250871966083	0.2185721118720861	0.021387646181618397	0.010343353456994797	0.26456775003289573	0.08797825022656014	0.26685683817648626	0.00020192378295029003	0.0005563282336578582	0.010191653330857333	0.005602740703732781	0.007843786786236106	0.34447487859420695	0.11226922278457452	0.5073989308856595	0.08140765753845176	0.4662329809636997	7.281351418823334e-05	9.037841975991238e-05	0.0014427808406348235	0.003322461164243463	0.2784108087211233	0.05361147660624011	0.14359719115503178	0.5240024048259558	0.09005374884630002	0.07066922173174098	0.0004251958938225111	0.0009336912483118529	0.09158382822963189
k__Bacteria|p__Proteobacteria|c__Gammaproteobacteria|o__Enterobacterales|f__Enterobacteriaceae|g__Klebsiella|s__Klebsiella pneumoniae	4.736169070711004e-05	0.0	0.0001562153140338905	1.9412449851171216e-05	0.00025834719796629085	0.0	2.6361714355007934e-05	3.762914861363465e-05	0.0	0.0002125127507650459	0.00012613919460124248	0.00010884788145740057	0.0009541733221573806	1.0587052035360753e-05	0.00045884236157820916	0.00013518043884977668	0.00012653889752985527	0.00010480850383102663	2.7026734846109772e-05	0.001954680373561138	0.0001073525780721624	1.251517464926223e-05	5.9927215672601276e-05	1.0467148853323844e-05	3.683454448823662e-05	1.0020542111328224e-05	0.0026002722350743765	2.4709356197724267e-05	0.0005400945165403945	2.1410181611865524e-05	0.000558918746279924	0.0	0.0	2.365827980647527e-05	2.8606246459977e-05	0.0	0.0	0.0	0.0	0.0	0.0	0.003692366967764031	0.03620369574124753	0.011299919133280135	0.03021675627619491	0.002192670683828917	0.00010633503638177317	0.002467192155702542	0.0006219338927164035	0.00255650167117619	0.00028771612009483976	0.0012684184935416358	8.912609244997143e-05	0.0022561042174593354	0.0	0.0004780706434745491	0.0004077082666721716	0.001028363797023839	0.003570189575749059	0.00834301167572784	0.0010646332840521951	0.0015757719663691409	0.0012994118451648202	0.014482011197026105	0.0020107999416219373	3.7626923676472957e-05	2.8478939824000152e-05	0.0	0.00012749367564266877	2.9309526182199737e-05	5.135262822751268e-06	0.00012311450141089218	0.0012219548089234579	0.000284824734572812	0.00020504513556046525	0.00037865899836463215	0.000454304940165367	0.00014324279654013552	0.000195374141480936	0.0004995881055512742	0.0002618586508824091	0.0	0.0	0.0001829644421675536	3.3122453711370936e-05	3.650358256588897e-05	0.00032529493407356004	0.0019822079564658242	0.0010121457489878543	0.0011237349364365884	0.00029184298847220193	0.00031802165091399424	0.0013390948169153558	0.0008059809343820349	0.0003417667441970855	0.00021539382922946797	6.199512718300341e-06	0.0010752267751016579	0.00034521754657460864	0.0006283736903426819	0.01029335449800055	0.010501548126040932	0.0032950065528713247	0.0005748619502191661	0.013224495802957115	0.0008353235336988575	0.013497450655322344	0.41327165804629695	0.12380079374173186	0.29674220207944546	9.178353770467728e-06	0.0003467525291977061	0.003435450131355446	0.0	0.001047021313094865	0.00601405263784685	0.010465957005104123	0.002501840179875069	0.017863002678127217	0.0018452492650278352	0.0004108762586336024	0.0005156886303947942	0.0	0.00021560064127370225	0.0006244950759058896	0.0036543593950596896	0.00029490646457227437	0.0011514632754544714	0.00045062164069710627	0.0031995346131471784	0.002761012297548773	0.0006724800062246083	0.0007470132808289713
k__Bacteria|p__Proteobacteria|c__Gammaproteobacteria|o__Enterobacterales|f__Morganellaceae|g__Morganella|s__Morganella morganii	0.0	0.0	0.0	0.0	0.0	0.0	0.0	0.0	0.0	0.0	0.0	0.0	1.0543351626048405e-05	0.0	0.0	0.0	0.0	0.0	0.0	2.585556049684045e-05	3.220577342164872e-05	0.0	2.7239643487546035e-05	0.0	0.0	0.0	0.0	8.648274669203493e-05	0.0	0.0	0.0	0.0	0.0	0.0	0.0	0.0	0.0047330666371508835	0.0010164145714031236	1.629301355578728e-05	0.01970666608422156	0.00034062120792795864	0.00031572413202619973	0.00021751556753858372	0.0003052584789559089	0.0004603954108632149	0.0	4.557215844933136e-05	7.39629340039306e-05	3.216899445084846e-05	0.0001442384211363998	0.0	0.0	0.0	0.0	0.0	0.0	0.0	0.0	0.0	5.610633272177431e-06	0.0	9.174014872697053e-05	6.83900971139379e-05	0.0	0.0	0.0	0.0	0.0	6.710193454877304e-06	0.0	0.0	0.0	0.0	0.0	0.0	0.0	0.0	0.0	0.0	0.0	5.4553885600501896e-06	0.0	0.0	0.0	0.0	0.0	0.0	3.1885382677734435e-05	5.81692959188422e-06	0.0	0.0	1.2720866036559769e-05	0.004225463056737109	0.0010172035240821546	0.00048416955427920446	0.0027160636515032913	0.0	0.0	0.0002678411999285757	0.0	0.0	0.03626638945709399	0.02185528501010787	0.00011607789379425469	0.07231949036283265	0.00042607106416854475	0.0005161249960899621	0.0015385082542992195	0.010755096301080198	0.03300453212476673	0.0	0.0	0.0	0.0	0.0	3.969671708149736e-05	0.0005726925857786114	2.4133506558280407e-05	0.0001005620891509384	0.0002449907216279894	0.0	0.0	0.0	0.0	0.0009466552341113088	0.00022373628949345038	0.0001836210062431142	0.0034594847966087877	4.886258754546935e-05	0.00034219621530985866	5.5220245950975464e-05	5.557686001856267e-06	0.0
k__Bacteria|p__Proteobacteria|c__Gammaproteobacteria|o__Enterobacterales|f__Morganellaceae|g__Proteus|s__Proteus mirabilis	0.0	0.0	0.0	0.0	0.0	0.0	0.0	0.0	0.0	0.0	0.0	0.0	0.0007591213170754851	0.0	0.0	0.0	0.0	0.0	0.0	7.239556939115326e-05	6.977917574690556e-05	0.0	2.1791714790036827e-05	0.0	0.0	0.0	0.0	0.0009883742479089707	0.0	0.0	0.0	0.0	0.0	0.0	0.0	0.0	0.0	0.0	0.0	0.0	0.0	0.0	0.0	0.0	0.0	0.0	1.0127146322073635e-05	0.004564569641385432	0.0011098303085542718	0.005719799458857234	0.0004635426379305752	0.0	0.0	0.0	0.0	0.0	0.0	0.0	0.0	5.610633272177431e-06	0.0	7.555071071632866e-05	0.0001074701526076167	0.0016172234295244352	0.0	0.0	0.0	0.0	0.0	0.0	0.0	0.0	0.0	0.0	0.0	0.0	0.0	5.509338328466751e-06	0.0	0.0	0.0	0.0	0.0	0.0	0.0	5.21479750941271e-06	0.0	0.00013285576115722682	6.398622551072642e-05	2.0682238093924936e-05	0.0	0.0	0.00037697207030810433	0.0008004224451794002	0.00024683153747567284	0.00416603186777971	3.099756359150171e-05	9.774788864560526e-06	0.00029164930658889354	0.0	6.105192466192497e-06	0.00951790125526754	0.009471154101248495	0.00022662826883640202	0.005997277309687627	0.0007960801462096494	0.0003180164117321989	0.009585311294877375	0.05705669732606952	0.002628632364702746	0.0	0.0	2.1847059658858165e-05	0.0	0.0	0.0005954507562224604	0.001038005311723733	0.0013675653716358897	0.00022758788597317638	0.0005368945601634662	0.0	0.0	0.0	0.0	0.005670018784415379	0.001704657443759622	0.0014188895936967916	0.017903725442243418	0.0004669091698789294	0.0018592661031835655	5.522024595097546e-06	0.0	0.0006563045252997391
k__Bacteria|p__Proteobacteria|c__Gammaproteobacteria|o__Enterobacterales|f__Pasteurellaceae|g__Pasteurella|s__Pasteurella multocida	0.0	2.6026890983764427e-05	4.110929316681329e-06	0.0	0.0	0.0	6.326811445201905e-05	5.375592659090665e-06	0.0	0.0	0.0	0.0	0.0002846704939033069	0.0	0.0	0.0	0.0	0.0	5.405346969221954e-06	0.0	0.0	0.0	0.0	0.0	6.314493340840564e-05	0.0	0.0	0.0	0.0	0.0	0.0	0.0	0.0	5.914569951618818e-06	5.7212492919954e-06	0.0	5.27067554248428e-06	0.0	0.0	1.0920845710291804e-05	6.918868286036659e-05	0.2245547754612783	0.1840080531345005	0.11573580681958152	0.2573504508699886	0.0006780328299121839	0.07214072682529153	0.010798588364573867	0.0012921212771090796	0.012344819353811874	0.00014918613634547247	0.0	0.0	0.0	0.0	5.549034254615302e-05	0.0	7.617509607583993e-06	0.00044792046337811076	0.0	0.0	3.237887602128371e-05	4.88500693670985e-05	0.0	0.0	0.0	0.0	0.0	2.6840773819509216e-05	0.0	0.0	0.0	0.00016469825685490083	0.0	0.0	1.097562314100383e-05	0.0	5.509338328466751e-06	0.0	3.720336956232893e-05	2.1821554240200758e-05	0.0	0.0	0.0	0.0	0.0	0.0	0.001084103011042971	0.00042463586020754807	0.0004136447618784987	4.0533748398916935e-05	0.0	2.2505795242274886e-05	3.3350935215808344e-05	0.0007404946124270186	0.0007932797125280406	0.0	0.00014173443853612763	0.00014284863996190703	2.6182237097611744e-05	1.831557739857749e-05	5.58890267484882e-06	0.002350544127088562	5.527518752107366e-05	0.00014191629041329176	1.681859463823203e-05	1.0426767597777014e-05	3.542617690820571e-05	5.2082790804262454e-05	3.1991468941615566e-05	0.0	7.6209347076418925e-06	0.0	0.0	0.0	0.0006285313537903749	0.0004581540686228891	0.00039015835602553326	0.0001640749875620574	0.00011988907654135652	0.0	0.0	0.0	0.0031731991818232073	0.003692451044046728	0.010856537094944092	0.00023926373540769427	0.003887462297220184	2.1716705575764156e-05	0.014645998015261952	0.0	3.33461160111376e-05	0.0002507830299925832
k__Bacteria|p__Proteobacteria|c__Gammaproteobacteria|o__Enterobacterales|f__Pasteurellaceae|g__Rodentibacter|s__Pasteurellaceae bacterium	0.004230977703168497	0.0005673862234460645	0.0033421855344619206	0.0	0.0010592235116617926	2.48054016242577e-05	0.022744887145500846	9.676066786363197e-05	0.0006290897277897809	0.0007172305338320299	0.0	0.0001741566103318409	0.0005166242296763718	2.1174104070721507e-05	1.0428235490413845e-05	1.0814435107982135e-05	0.001223209342788601	1.1032474087476488e-05	0.0014594436816899278	0.00947864847814171	3.220577342164872e-05	0.0003629400648286047	1.6343786092527622e-05	4.1868595413295375e-05	0.0007209046564126311	4.5092439500977e-05	0.0	6.177339049431067e-06	0.0	0.00012846108967119315	0.0048996123862201126	0.0008579030243796493	0.0	3.548741970971291e-05	0.0016763260425546522	3.098392553943014e-05	0.008554306405451987	0.0007020595493196834	3.258602711157456e-05	0.0	0.0036350669533561832	8.562010360032535e-05	7.587752355997107e-05	5.355411911507174e-05	0.00037043308920028787	3.8276046849881346e-05	0.003463484042149183	0.0010460472094841614	0.0005575959038147066	0.0010991962438325641	0.0005274795535072062	0.0001268418493541636	0.0	0.0	0.0	0.0	0.0001238607392421787	0.00012568890852513587	0.0	0.0002356465974314521	0.0	0.000113326066074493	0.002769798933114485	0.00047730552607492014	0.00019459354273760682	0.00015050769470589183	6.645085958933369e-05	0.0	0.0023284371288424246	0.0	0.0	0.00024622900282178435	0.02629327977983562	0.0	6.66396690571512e-05	0.00031280525951860917	0.0010101603963676984	0.0015646520852845573	0.0005811128310715019	0.0014828200154128246	0.00013638471400125474	3.2317486992211486e-05	0.0	0.0032985875145064665	9.384695218221766e-05	0.0017678163556909085	0.0026348889659958364	0.00011159883937207053	0.030969333147191587	0.00720431293605052	0.007000178348492955	0.0024996501761839944	0.0	6.114338122898196e-05	1.8987041344282527e-05	0.007638600675601133	0.0	0.019608226462308413	0.0012796857329920837	0.0	0.00040294270276870477	0.0	0.0	0.0	5.256158904195991e-06	4.484958570195208e-05	0.0	0.0	5.208279080426246e-06	1.0663822980538523e-05	0.0	4.1915140892030404e-05	0.0011251235724311953	0.0	0.0007808294538334586	0.0049951702327550845	0.019077821763749992	0.001275053596495815	0.02593972625940785	0.000140739350722462	0.0	7.974566449404033e-05	0.0	0.0	0.0010259561961311044	0.0008736369399268063	7.233554791395408e-05	0.0009731393168663895	1.0858352787882078e-05	0.0005418106742406095	1.1044049190195092e-05	0.00012782677804269415	0.0002401114116950265
k__Bacteria|p__Proteobacteria|c__Gammaproteobacteria|o__Xanthomonadales|f__Xanthomonadaceae|g__Stenotrophomonas|s__Stenotrophomonas maltophilia	0.0	0.0	0.0	0.0	0.0	0.0	0.0	0.0	0.0	0.0	0.0	0.0	0.0	1.588057805304113e-05	0.0	0.0	0.0	0.0	0.0	0.0	0.0	0.0	0.0	0.0	0.0	0.0	0.0	0.0	0.0	0.0	0.0	0.0	0.0	0.0	0.0	0.0	0.0	0.0	0.0	0.0	0.0	0.0	0.0	0.0	0.0	0.0	0.0	0.0	0.0	0.0	0.0	0.0	0.0	0.0	0.0	0.0	0.0	0.0	0.0003249619048037274	0.0	0.0	0.0	0.0	0.035893375560833995	0.0	0.0	0.0	0.0	0.0	0.0009203191221210718	0.0	0.0	0.0	0.0	0.0	0.0	0.0	0.0	0.0	0.0	0.0	0.0	0.0	0.0	0.0	0.0	0.0	0.0	0.0	0.0	0.0	0.0	0.0	0.0	0.0	0.0	0.0	0.0	1.785607999523838e-05	0.0	0.0	0.0	0.0	0.0	0.0	0.0	0.0	0.0	0.0	5.331911490269261e-06	0.0	0.0	0.0	0.035733828182618416	0.0	0.0	0.0	0.0	0.0	0.0	0.0	0.0	0.0	0.05713969815910222	0.0	0.0	5.564272916458007e-06	0.0	1.628752918182312e-05	0.0	0.0	0.0	0.0
k__Bacteria|p__Verrucomicrobiota|c__Verrucomicrobiae|o__Verrucomicrobiales|f__Akkermansiaceae|g__Akkermansia|s__Akkermansia muciniphila	0.0	7.808067295129328e-05	0.0007687437822194085	0.0	6.20033275119098e-05	4.96108032485154e-06	5.799577158101746e-05	0.0	0.0	0.0	0.0	0.0	0.0	0.0	0.0	0.0	0.0	5.516237043738244e-06	0.0013189046604901568	3.619778469557663e-05	0.0	0.00196488241993417	0.0	0.0	0.0	0.0	0.0	0.0005374284973005028	0.0	0.0	0.007113511316289941	0.0	0.0	0.0	0.0	0.0	0.0	0.0	0.0	0.0	0.0	5.351256475020334e-06	0.0	9.104200249562195e-05	0.0	0.0002023162476350871	0.0	0.0	0.0	0.0	0.0	0.0	0.0	0.00015075350761825052	0.0	0.007235086970440722	0.00024256061434926664	0.00012568890852513587	0.0	0.0	1.2052452272289002e-05	0.0	0.00013189518729116596	0.004194673270329004	0.0	0.00015050769470589183	0.0	0.0	0.0	0.00043378098749655614	0.0	0.0	5.3128469953193816e-05	0.0	0.0	0.0	0.0007482669602723691	0.0	0.0	1.5944301240998114e-05	1.636616568015057e-05	0.0	0.0	7.318577686702145e-05	0.00011040817903790313	0.005903150780655187	0.0	7.971345669433609e-05	0.003042254176555447	0.014980834459366297	0.006671854986461728	0.0026650214346592717	0.03389372763486598	0.0008393318695978433	0.006673945032515309	0.0001996333051395069	0.0009423259331816519	0.0	0.021974882447473365	0.003634967250385097	0.0	0.0	0.0	0.00014371548755479153	0.0	0.0	0.0	0.0	0.0	1.0663822980538523e-05	0.0013583963580292239	0.19218092098995943	0.01380734170439836	0.006030975661979873	0.050363499772258076	0.0	0.0	0.0	0.0	0.0	0.0020855870849629692	0.0018128847728311837	0.008178943043598735	0.008375255680247664	0.0	0.0008043852312740716	0.0	0.0	0.0	1.1406540510328622e-05	0.004428663725268232	0.0010893064563638284	5.335809148778367e-06
